Buyer_ID,Farmer_ID,Crop,Match_Score
B0001,F1128,Wheat,0.802
B0001,F0985,Millets,0.6
B0001,F0749,Rice,0.599
B0001,F0375,Rice,0.599
B0001,F1537,Rice,0.598
B0002,F0574,Wheat,0.6
B0002,F0253,Sugarcane,0.599
B0002,F1686,Rice,0.598
B0002,F1593,Sugarcane,0.598
B0002,F1735,Rice,0.598
B0003,F1319,Wheat,0.6
B0003,F0028,Wheat,0.598
B0003,F0474,Sugarcane,0.598
B0003,F0873,Wheat,0.598
B0003,F0723,Sugarcane,0.598
B0004,F1331,Pulses,0.802
B0004,F1474,Wheat,0.744
B0004,F0709,Millets,0.599
B0004,F1350,Cotton,0.598
B0004,F1619,Pulses,0.598
B0005,F0535,Maize,0.598
B0005,F1524,Cotton,0.598
B0005,F1965,Cotton,0.597
B0005,F1978,Maize,0.597
B0005,F0415,Maize,0.596
B0006,F1427,Barley,0.6
B0006,F0586,Barley,0.599
B0006,F1038,Barley,0.596
B0006,F1092,Barley,0.588
B0006,F0125,Cotton,0.586
B0007,F1694,Barley,0.609
B0007,F0735,Wheat,0.599
B0007,F1657,Wheat,0.598
B0007,F1824,Sugarcane,0.598
B0007,F1159,Sugarcane,0.598
B0008,F0724,Rice,0.599
B0008,F1845,Pulses,0.598
B0008,F1852,Rice,0.598
B0008,F1246,Millets,0.598
B0008,F0276,Sugarcane,0.598
B0009,F0692,Pulses,0.931
B0009,F0785,Wheat,0.6
B0009,F0247,Rice,0.6
B0009,F0127,Wheat,0.599
B0009,F0994,Sugarcane,0.599
B0010,F0304,Pulses,0.861
B0010,F1400,Cotton,0.6
B0010,F0716,Millets,0.6
B0010,F0401,Millets,0.599
B0010,F1067,Cotton,0.598
B0011,F0371,Sugarcane,0.599
B0011,F1121,Wheat,0.599
B0011,F0928,Sugarcane,0.598
B0011,F1236,Sugarcane,0.598
B0011,F0624,Wheat,0.598
B0012,F0732,Rice,0.789
B0012,F0538,Barley,0.6
B0012,F0824,Barley,0.6
B0012,F0388,Barley,0.599
B0012,F0711,Barley,0.599
B0013,F0301,Rice,0.761
B0013,F1413,Cotton,0.598
B0013,F0776,Cotton,0.598
B0013,F1544,Cotton,0.596
B0013,F0700,Maize,0.593
B0014,F0284,Barley,0.6
B0014,F1694,Barley,0.599
B0014,F0328,Barley,0.599
B0014,F0638,Barley,0.599
B0014,F1267,Barley,0.599
B0015,F0762,Wheat,0.846
B0015,F1522,Rice,0.598
B0015,F0602,Millets,0.598
B0015,F1316,Sugarcane,0.597
B0015,F0551,Rice,0.597
B0016,F1656,Maize,0.903
B0016,F0382,Pulses,0.832
B0016,F1546,Sugarcane,0.692
B0016,F0965,Barley,0.599
B0016,F1486,Barley,0.598
B0017,F1997,Wheat,0.841
B0017,F1334,Millets,0.6
B0017,F1660,Millets,0.6
B0017,F0425,Millets,0.599
B0017,F0141,Millets,0.599
B0018,F1903,Rice,0.599
B0018,F1005,Rice,0.599
B0018,F1125,Pulses,0.599
B0018,F1615,Pulses,0.599
B0018,F0897,Pulses,0.598
B0019,F1166,Wheat,0.71
B0019,F1713,Cotton,0.6
B0019,F1832,Cotton,0.599
B0019,F0729,Cotton,0.599
B0019,F0216,Cotton,0.598
B0020,F0727,Maize,0.835
B0020,F0744,Cotton,0.801
B0020,F0612,Wheat,0.6
B0020,F1586,Wheat,0.599
B0020,F1798,Wheat,0.599
B0021,F1186,Sugarcane,0.787
B0021,F1319,Wheat,0.6
B0021,F0742,Pulses,0.599
B0021,F0028,Wheat,0.599
B0021,F0474,Sugarcane,0.597
B0022,F1703,Barley,0.599
B0022,F0356,Barley,0.598
B0022,F0760,Barley,0.598
B0022,F1398,Barley,0.597
B0022,F0946,Barley,0.597
B0023,F1625,Pulses,0.6
B0023,F0457,Pulses,0.599
B0023,F0077,Sugarcane,0.599
B0023,F1983,Sugarcane,0.598
B0023,F0118,Pulses,0.598
B0024,F1105,Pulses,0.876
B0024,F1191,Maize,0.808
B0024,F0552,Sugarcane,0.791
B0024,F1006,Cotton,0.6
B0024,F1040,Maize,0.599
B0025,F1301,Barley,0.64
B0025,F1980,Wheat,0.599
B0025,F1641,Sugarcane,0.599
B0025,F0364,Wheat,0.599
B0025,F0600,Pulses,0.598
B0026,F0090,Wheat,0.599
B0026,F1450,Sugarcane,0.598
B0026,F1659,Rice,0.598
B0026,F1300,Wheat,0.597
B0026,F1140,Rice,0.597
B0027,F1366,Pulses,0.6
B0027,F1044,Rice,0.599
B0027,F0933,Rice,0.599
B0027,F1229,Pulses,0.598
B0027,F0073,Rice,0.598
B0028,F1953,Maize,0.599
B0028,F0728,Maize,0.599
B0028,F1771,Maize,0.599
B0028,F0901,Cotton,0.599
B0028,F0658,Maize,0.599
B0029,F0684,Sugarcane,0.766
B0029,F1954,Sugarcane,0.6
B0029,F0602,Millets,0.599
B0029,F0445,Sugarcane,0.599
B0029,F1316,Sugarcane,0.599
B0030,F0484,Pulses,0.871
B0030,F0469,Cotton,0.599
B0030,F1082,Cotton,0.597
B0030,F0288,Cotton,0.594
B0030,F0706,Cotton,0.594
B0031,F0959,Wheat,0.926
B0031,F0027,Pulses,0.599
B0031,F0969,Pulses,0.599
B0031,F1736,Millets,0.599
B0031,F0215,Maize,0.599
B0032,F0092,Sugarcane,0.888
B0032,F0906,Wheat,0.599
B0032,F0421,Wheat,0.598
B0032,F0584,Wheat,0.597
B0032,F0549,Wheat,0.597
B0033,F0107,Pulses,0.6
B0033,F0278,Pulses,0.599
B0033,F1951,Sugarcane,0.599
B0033,F0474,Sugarcane,0.599
B0033,F0445,Sugarcane,0.598
B0034,F1022,Rice,0.934
B0034,F1780,Millets,0.598
B0034,F1768,Rice,0.598
B0034,F1290,Rice,0.598
B0034,F0493,Rice,0.597
B0035,F1652,Pulses,0.793
B0035,F0309,Millets,0.6
B0035,F1518,Maize,0.599
B0035,F0783,Millets,0.599
B0035,F0035,Pulses,0.599
B0036,F0804,Rice,0.6
B0036,F1146,Pulses,0.599
B0036,F0481,Sugarcane,0.599
B0036,F1584,Millets,0.598
B0036,F1217,Pulses,0.598
B0037,F1318,Millets,0.809
B0037,F0951,Maize,0.597
B0037,F0288,Cotton,0.597
B0037,F0063,Cotton,0.597
B0037,F1440,Maize,0.595
B0038,F0305,Wheat,0.768
B0038,F1066,Maize,0.599
B0038,F1342,Millets,0.598
B0038,F1308,Millets,0.598
B0038,F1191,Maize,0.597
B0039,F1376,Cotton,0.835
B0039,F0924,Barley,0.698
B0039,F1252,Pulses,0.64
B0039,F1517,Barley,0.611
B0039,F1728,Rice,0.599
B0040,F0726,Cotton,0.903
B0040,F1610,Maize,0.857
B0040,F1165,Cotton,0.598
B0040,F0061,Maize,0.598
B0040,F0765,Cotton,0.597
B0041,F0288,Cotton,0.876
B0041,F1466,Pulses,0.6
B0041,F0995,Sugarcane,0.599
B0041,F1362,Pulses,0.599
B0041,F0002,Sugarcane,0.599
B0042,F1520,Cotton,0.805
B0042,F1263,Barley,0.6
B0042,F1264,Barley,0.6
B0042,F1977,Barley,0.6
B0042,F1116,Barley,0.599
B0043,F0414,Rice,0.599
B0043,F0645,Millets,0.599
B0043,F1050,Rice,0.599
B0043,F1830,Rice,0.598
B0043,F1422,Rice,0.598
B0044,F1689,Rice,0.6
B0044,F1563,Sugarcane,0.599
B0044,F1731,Pulses,0.598
B0044,F0893,Rice,0.598
B0044,F0582,Rice,0.598
B0045,F1778,Maize,0.625
B0045,F1965,Cotton,0.598
B0045,F0535,Maize,0.598
B0045,F0200,Maize,0.598
B0045,F1978,Maize,0.598
B0046,F0308,Wheat,0.851
B0046,F0368,Wheat,0.6
B0046,F0196,Wheat,0.599
B0046,F0962,Rice,0.599
B0046,F1396,Pulses,0.599
B0047,F0235,Sugarcane,0.6
B0047,F1809,Sugarcane,0.599
B0047,F0002,Sugarcane,0.598
B0047,F0659,Sugarcane,0.598
B0047,F0995,Sugarcane,0.598
B0048,F1093,Millets,0.815
B0048,F0780,Maize,0.676
B0048,F0028,Wheat,0.599
B0048,F0498,Sugarcane,0.599
B0048,F0637,Rice,0.598
B0049,F0756,Pulses,0.855
B0049,F0940,Wheat,0.6
B0049,F1870,Wheat,0.6
B0049,F0698,Wheat,0.599
B0049,F0278,Pulses,0.599
B0050,F1257,Pulses,0.916
B0050,F1217,Pulses,0.794
B0050,F1072,Wheat,0.6
B0050,F1410,Wheat,0.599
B0050,F1684,Rice,0.599
B0051,F1190,Millets,0.856
B0051,F0928,Sugarcane,0.852
B0051,F0829,Barley,0.6
B0051,F1759,Barley,0.598
B0051,F1542,Barley,0.598
B0052,F1447,Millets,0.819
B0052,F1537,Rice,0.745
B0052,F1788,Sugarcane,0.649
B0052,F1926,Cotton,0.6
B0052,F0031,Cotton,0.6
B0053,F1623,Pulses,0.599
B0053,F0176,Pulses,0.599
B0053,F1936,Millets,0.598
B0053,F0618,Millets,0.598
B0053,F1931,Millets,0.597
B0054,F1133,Pulses,0.599
B0054,F1531,Pulses,0.599
B0054,F1379,Pulses,0.599
B0054,F1838,Sugarcane,0.598
B0054,F1949,Sugarcane,0.597
B0055,F1601,Millets,0.924
B0055,F0649,Millets,0.612
B0055,F1091,Sugarcane,0.6
B0055,F0774,Sugarcane,0.6
B0055,F0128,Rice,0.599
B0056,F0777,Rice,0.6
B0056,F1498,Millets,0.599
B0056,F0499,Rice,0.598
B0056,F0236,Sugarcane,0.598
B0056,F0422,Wheat,0.598
B0057,F0290,Millets,0.6
B0057,F1929,Millets,0.599
B0057,F1161,Millets,0.598
B0057,F1919,Maize,0.598
B0057,F0316,Millets,0.598
B0058,F1264,Barley,0.703
B0058,F0285,Wheat,0.6
B0058,F0659,Sugarcane,0.599
B0058,F0545,Rice,0.599
B0058,F0033,Sugarcane,0.599
B0059,F0149,Rice,0.778
B0059,F1534,Cotton,0.599
B0059,F0577,Cotton,0.596
B0059,F0239,Maize,0.596
B0059,F1151,Cotton,0.596
B0060,F0180,Maize,0.599
B0060,F0800,Maize,0.599
B0060,F1968,Millets,0.599
B0060,F0336,Millets,0.599
B0060,F0756,Pulses,0.598
B0061,F1859,Barley,0.687
B0061,F1786,Millets,0.615
B0061,F0951,Maize,0.599
B0061,F1440,Maize,0.597
B0061,F0288,Cotton,0.597
B0062,F0379,Wheat,0.6
B0062,F1642,Rice,0.598
B0062,F0108,Sugarcane,0.598
B0062,F1257,Pulses,0.598
B0062,F0117,Rice,0.597
B0063,F1830,Rice,0.67
B0063,F0541,Barley,0.599
B0063,F0366,Barley,0.597
B0063,F0319,Barley,0.597
B0063,F1418,Barley,0.597
B0064,F0837,Maize,0.6
B0064,F1135,Maize,0.6
B0064,F0572,Maize,0.599
B0064,F1454,Maize,0.599
B0064,F0222,Maize,0.599
B0065,F0797,Cotton,0.641
B0065,F0573,Rice,0.599
B0065,F1158,Rice,0.599
B0065,F0815,Sugarcane,0.599
B0065,F1796,Wheat,0.599
B0066,F0363,Rice,0.684
B0066,F1429,Pulses,0.6
B0066,F1782,Millets,0.599
B0066,F0970,Maize,0.598
B0066,F0268,Millets,0.597
B0067,F1913,Wheat,0.92
B0067,F1651,Maize,0.679
B0067,F0412,Millets,0.632
B0067,F0143,Sugarcane,0.6
B0067,F1886,Pulses,0.598
B0068,F0227,Cotton,0.743
B0068,F1926,Cotton,0.729
B0068,F0130,Sugarcane,0.599
B0068,F1970,Rice,0.598
B0068,F1966,Rice,0.598
B0069,F0690,Wheat,0.811
B0069,F1510,Sugarcane,0.6
B0069,F1268,Sugarcane,0.599
B0069,F0565,Sugarcane,0.596
B0069,F1404,Pulses,0.596
B0070,F0459,Maize,0.76
B0070,F0626,Wheat,0.6
B0070,F0576,Pulses,0.599
B0070,F1146,Pulses,0.598
B0070,F0834,Sugarcane,0.598
B0071,F0154,Maize,0.836
B0071,F1319,Wheat,0.709
B0071,F1119,Cotton,0.599
B0071,F1635,Cotton,0.599
B0071,F1328,Cotton,0.599
B0072,F1491,Rice,0.748
B0072,F0797,Cotton,0.7
B0072,F0581,Pulses,0.599
B0072,F0355,Millets,0.597
B0072,F1158,Rice,0.595
B0073,F1173,Maize,0.599
B0073,F1066,Maize,0.598
B0073,F1844,Maize,0.598
B0073,F0700,Maize,0.595
B0073,F1330,Cotton,0.594
B0074,F1344,Rice,0.95
B0074,F0675,Sugarcane,0.792
B0074,F0345,Maize,0.784
B0074,F1173,Maize,0.713
B0074,F1860,Rice,0.6
B0075,F1496,Cotton,0.883
B0075,F0047,Millets,0.599
B0075,F0414,Rice,0.599
B0075,F0643,Millets,0.598
B0075,F1229,Pulses,0.598
B0076,F0283,Pulses,0.6
B0076,F1385,Rice,0.598
B0076,F0807,Millets,0.598
B0076,F0176,Pulses,0.597
B0076,F1362,Pulses,0.597
B0077,F1432,Cotton,0.598
B0077,F0947,Cotton,0.597
B0077,F1076,Cotton,0.595
B0077,F0766,Maize,0.595
B0077,F1868,Cotton,0.592
B0078,F1557,Wheat,0.96
B0078,F0088,Rice,0.599
B0078,F0737,Sugarcane,0.599
B0078,F1433,Pulses,0.599
B0078,F0761,Sugarcane,0.598
B0079,F1878,Wheat,0.884
B0079,F1909,Wheat,0.846
B0079,F0375,Rice,0.599
B0079,F0749,Rice,0.599
B0079,F1537,Rice,0.599
B0080,F1495,Pulses,0.599
B0080,F1628,Rice,0.599
B0080,F0259,Millets,0.599
B0080,F0973,Rice,0.598
B0080,F1625,Pulses,0.598
B0081,F1544,Cotton,0.598
B0081,F1413,Cotton,0.597
B0081,F1173,Maize,0.596
B0081,F1844,Maize,0.596
B0081,F0739,Cotton,0.595
B0082,F1671,Pulses,0.74
B0082,F0700,Maize,0.599
B0082,F1346,Maize,0.599
B0082,F0905,Maize,0.599
B0082,F1707,Maize,0.597
B0083,F1082,Cotton,0.599
B0083,F1620,Cotton,0.597
B0083,F0469,Cotton,0.597
B0083,F1664,Maize,0.597
B0083,F1201,Cotton,0.596
B0084,F0820,Rice,0.942
B0084,F1906,Wheat,0.6
B0084,F0344,Wheat,0.599
B0084,F0266,Wheat,0.599
B0084,F1961,Wheat,0.599
B0085,F1190,Millets,0.864
B0085,F0332,Rice,0.775
B0085,F0373,Wheat,0.599
B0085,F1097,Wheat,0.599
B0085,F1284,Rice,0.597
B0086,F0262,Pulses,0.649
B0086,F0652,Millets,0.6
B0086,F0970,Maize,0.599
B0086,F1440,Maize,0.598
B0086,F1752,Millets,0.598
B0087,F0748,Barley,0.865
B0087,F1389,Barley,0.766
B0087,F1266,Maize,0.6
B0087,F1471,Cotton,0.599
B0087,F1580,Maize,0.599
B0088,F0329,Millets,0.904
B0088,F1914,Pulses,0.599
B0088,F1226,Pulses,0.599
B0088,F1361,Pulses,0.599
B0088,F1091,Sugarcane,0.598
B0089,F0510,Wheat,0.6
B0089,F0104,Sugarcane,0.599
B0089,F1027,Wheat,0.595
B0089,F1112,Rice,0.594
B0089,F0421,Wheat,0.594
B0090,F0439,Barley,0.787
B0090,F1649,Rice,0.714
B0090,F0356,Barley,0.599
B0090,F1703,Barley,0.596
B0090,F0946,Barley,0.595
B0091,F1104,Rice,0.6
B0091,F0554,Sugarcane,0.6
B0091,F1148,Wheat,0.6
B0091,F1835,Sugarcane,0.599
B0091,F0512,Wheat,0.598
B0092,F0348,Sugarcane,0.731
B0092,F0540,Wheat,0.599
B0092,F0197,Wheat,0.599
B0092,F0145,Millets,0.597
B0092,F0315,Maize,0.595
B0093,F0133,Rice,0.652
B0093,F1973,Maize,0.598
B0093,F1665,Maize,0.595
B0093,F0485,Cotton,0.595
B0093,F0036,Cotton,0.594
B0094,F1571,Wheat,0.599
B0094,F0287,Rice,0.598
B0094,F0566,Wheat,0.597
B0094,F0949,Pulses,0.597
B0094,F1909,Wheat,0.597
B0095,F1478,Millets,0.866
B0095,F1501,Maize,0.861
B0095,F0570,Barley,0.688
B0095,F0267,Sugarcane,0.6
B0095,F1774,Sugarcane,0.6
B0096,F0487,Maize,0.72
B0096,F1095,Wheat,0.6
B0096,F1474,Wheat,0.6
B0096,F0342,Sugarcane,0.599
B0096,F0069,Sugarcane,0.599
B0097,F1173,Maize,0.872
B0097,F1069,Cotton,0.598
B0097,F1162,Cotton,0.598
B0097,F1046,Maize,0.597
B0097,F1463,Cotton,0.596
B0098,F0469,Cotton,0.598
B0098,F1082,Cotton,0.597
B0098,F1981,Cotton,0.596
B0098,F0706,Cotton,0.596
B0098,F1043,Barley,0.593
B0099,F0518,Pulses,0.905
B0099,F1179,Barley,0.631
B0099,F0902,Sugarcane,0.6
B0099,F1687,Sugarcane,0.6
B0099,F1293,Sugarcane,0.6
B0100,F0412,Millets,0.924
B0100,F0837,Maize,0.798
B0100,F0531,Rice,0.788
B0100,F0757,Wheat,0.6
B0100,F0833,Maize,0.6
B0101,F1593,Sugarcane,0.597
B0101,F1909,Wheat,0.596
B0101,F1140,Rice,0.596
B0101,F1086,Rice,0.596
B0101,F0987,Sugarcane,0.595
B0102,F0829,Barley,0.599
B0102,F1818,Barley,0.599
B0102,F0855,Barley,0.599
B0102,F1685,Barley,0.599
B0102,F1775,Barley,0.598
B0103,F1964,Wheat,0.737
B0103,F0337,Cotton,0.599
B0103,F1020,Cotton,0.599
B0103,F1928,Maize,0.598
B0103,F0984,Cotton,0.598
B0104,F0191,Barley,0.6
B0104,F1500,Barley,0.6
B0104,F0314,Barley,0.599
B0104,F1871,Barley,0.599
B0104,F1068,Barley,0.599
B0105,F1169,Maize,0.818
B0105,F0072,Wheat,0.6
B0105,F0530,Wheat,0.599
B0105,F0342,Sugarcane,0.598
B0105,F1850,Wheat,0.598
B0106,F0805,Pulses,0.77
B0106,F1184,Sugarcane,0.599
B0106,F0026,Pulses,0.599
B0106,F0685,Rice,0.597
B0106,F0233,Sugarcane,0.597
B0107,F1072,Wheat,0.861
B0107,F1937,Maize,0.6
B0107,F0608,Millets,0.598
B0107,F0329,Millets,0.597
B0107,F0053,Maize,0.597
B0108,F1650,Wheat,0.599
B0108,F1908,Rice,0.599
B0108,F0028,Wheat,0.598
B0108,F1168,Pulses,0.598
B0108,F0941,Sugarcane,0.597
B0109,F0148,Maize,0.86
B0109,F0474,Sugarcane,0.6
B0109,F0445,Sugarcane,0.599
B0109,F1319,Wheat,0.599
B0109,F1964,Wheat,0.598
B0110,F0547,Cotton,0.854
B0110,F0496,Barley,0.599
B0110,F1267,Barley,0.598
B0110,F0787,Barley,0.598
B0110,F0284,Barley,0.598
B0111,F0390,Rice,0.923
B0111,F1756,Millets,0.9
B0111,F0493,Rice,0.598
B0111,F1780,Millets,0.597
B0111,F1478,Millets,0.597
B0112,F1146,Pulses,0.844
B0112,F1619,Pulses,0.598
B0112,F1736,Millets,0.598
B0112,F1612,Pulses,0.597
B0112,F1105,Pulses,0.597
B0113,F0199,Cotton,0.867
B0113,F1947,Rice,0.6
B0113,F0634,Rice,0.599
B0113,F1045,Pulses,0.599
B0113,F0802,Pulses,0.598
B0114,F1232,Millets,0.946
B0114,F0493,Rice,0.6
B0114,F1780,Millets,0.599
B0114,F0888,Pulses,0.599
B0114,F0109,Pulses,0.598
B0115,F1919,Maize,0.703
B0115,F1937,Maize,0.599
B0115,F0329,Millets,0.598
B0115,F0303,Maize,0.598
B0115,F0608,Millets,0.598
B0116,F1501,Maize,0.919
B0116,F1301,Barley,0.598
B0116,F0683,Barley,0.597
B0116,F0356,Barley,0.595
B0116,F1487,Barley,0.595
B0117,F1814,Cotton,0.938
B0117,F1952,Maize,0.599
B0117,F1347,Maize,0.599
B0117,F0999,Millets,0.599
B0117,F1795,Millets,0.599
B0118,F0185,Rice,0.703
B0118,F1443,Sugarcane,0.693
B0118,F0254,Cotton,0.599
B0118,F0132,Cotton,0.595
B0118,F0881,Cotton,0.593
B0119,F0303,Maize,0.867
B0119,F0031,Cotton,0.599
B0119,F1926,Cotton,0.599
B0119,F0726,Cotton,0.598
B0119,F0462,Cotton,0.598
B0120,F0415,Maize,0.599
B0120,F1973,Maize,0.598
B0120,F1894,Maize,0.598
B0120,F1789,Cotton,0.597
B0120,F0154,Maize,0.597
B0121,F0990,Millets,0.942
B0121,F1239,Rice,0.6
B0121,F0302,Rice,0.599
B0121,F1895,Rice,0.599
B0121,F0033,Sugarcane,0.599
B0122,F0904,Barley,0.635
B0122,F0028,Wheat,0.599
B0122,F0498,Sugarcane,0.599
B0122,F1319,Wheat,0.598
B0122,F1939,Wheat,0.598
B0123,F0485,Cotton,0.595
B0123,F1965,Cotton,0.59
B0123,F0036,Cotton,0.588
B0123,F1973,Maize,0.587
B0123,F0322,Cotton,0.587
B0124,F1782,Millets,0.598
B0124,F0933,Rice,0.598
B0124,F0631,Rice,0.598
B0124,F1429,Pulses,0.598
B0124,F1455,Rice,0.597
B0125,F1062,Cotton,0.6
B0125,F0553,Cotton,0.6
B0125,F1070,Cotton,0.599
B0125,F1205,Cotton,0.599
B0125,F0014,Maize,0.598
B0126,F0213,Cotton,0.928
B0126,F1662,Maize,0.6
B0126,F0519,Millets,0.599
B0126,F0047,Millets,0.599
B0126,F0027,Pulses,0.599
B0127,F0351,Sugarcane,0.599
B0127,F1160,Sugarcane,0.599
B0127,F1545,Millets,0.598
B0127,F0281,Sugarcane,0.596
B0127,F1148,Wheat,0.596
B0128,F1950,Barley,0.598
B0128,F1527,Barley,0.597
B0128,F0201,Barley,0.595
B0128,F1389,Barley,0.595
B0128,F1889,Barley,0.595
B0129,F0156,Wheat,0.905
B0129,F0686,Pulses,0.876
B0129,F1134,Barley,0.767
B0129,F1213,Wheat,0.6
B0129,F1601,Millets,0.599
B0130,F0735,Wheat,0.845
B0130,F0029,Millets,0.6
B0130,F1851,Maize,0.598
B0130,F1929,Millets,0.598
B0130,F1246,Millets,0.597
B0131,F1102,Wheat,0.71
B0131,F0860,Barley,0.6
B0131,F1424,Barley,0.6
B0131,F0195,Barley,0.6
B0131,F1799,Barley,0.6
B0132,F0161,Barley,0.598
B0132,F0168,Barley,0.596
B0132,F0790,Barley,0.595
B0132,F1527,Barley,0.594
B0132,F0776,Cotton,0.592
B0133,F0128,Rice,0.862
B0133,F0550,Barley,0.699
B0133,F1678,Maize,0.657
B0133,F0076,Wheat,0.599
B0133,F1271,Wheat,0.599
B0134,F1337,Maize,0.937
B0134,F0737,Sugarcane,0.599
B0134,F1036,Wheat,0.599
B0134,F0198,Sugarcane,0.598
B0134,F1312,Wheat,0.598
B0135,F0802,Pulses,0.599
B0135,F1045,Pulses,0.598
B0135,F1689,Rice,0.598
B0135,F1573,Pulses,0.598
B0135,F1731,Pulses,0.597
B0136,F0050,Pulses,0.806
B0136,F0043,Wheat,0.781
B0136,F0487,Maize,0.599
B0136,F1567,Cotton,0.598
B0136,F0967,Cotton,0.597
B0137,F1492,Barley,0.6
B0137,F1486,Barley,0.599
B0137,F1267,Barley,0.599
B0137,F0922,Barley,0.599
B0137,F0965,Barley,0.598
B0138,F1671,Pulses,0.81
B0138,F1485,Barley,0.6
B0138,F0924,Barley,0.6
B0138,F0124,Barley,0.599
B0138,F1626,Barley,0.599
B0139,F1812,Rice,0.8
B0139,F0302,Rice,0.664
B0139,F0440,Maize,0.6
B0139,F1785,Maize,0.6
B0139,F0057,Millets,0.599
B0140,F0234,Sugarcane,0.6
B0140,F0935,Millets,0.6
B0140,F0887,Rice,0.599
B0140,F0278,Pulses,0.599
B0140,F0803,Rice,0.599
B0141,F1482,Cotton,0.598
B0141,F0343,Maize,0.598
B0141,F1922,Cotton,0.597
B0141,F1732,Maize,0.597
B0141,F0020,Maize,0.596
B0142,F0028,Wheat,0.599
B0142,F1168,Pulses,0.599
B0142,F0224,Sugarcane,0.598
B0142,F1370,Wheat,0.598
B0142,F1650,Wheat,0.598
B0143,F0217,Sugarcane,0.874
B0143,F0046,Sugarcane,0.6
B0143,F1004,Rice,0.6
B0143,F1145,Sugarcane,0.6
B0143,F1671,Pulses,0.6
B0144,F1103,Sugarcane,0.599
B0144,F0225,Wheat,0.599
B0144,F1535,Maize,0.599
B0144,F0636,Wheat,0.599
B0144,F0378,Rice,0.599
B0145,F1374,Wheat,0.921
B0145,F1881,Pulses,0.813
B0145,F1711,Cotton,0.6
B0145,F0360,Maize,0.599
B0145,F1776,Millets,0.598
B0146,F0875,Wheat,0.599
B0146,F1459,Pulses,0.599
B0146,F0351,Sugarcane,0.599
B0146,F1668,Rice,0.598
B0146,F1823,Sugarcane,0.598
B0147,F0803,Rice,0.82
B0147,F1097,Wheat,0.599
B0147,F1712,Rice,0.597
B0147,F2000,Rice,0.597
B0147,F0684,Sugarcane,0.596
B0148,F0634,Rice,0.858
B0148,F1965,Cotton,0.597
B0148,F1524,Cotton,0.595
B0148,F1251,Barley,0.593
B0148,F1245,Barley,0.593
B0149,F0125,Cotton,0.876
B0149,F0288,Cotton,0.599
B0149,F0495,Cotton,0.596
B0149,F1524,Cotton,0.594
B0149,F0469,Cotton,0.594
B0150,F0717,Maize,0.895
B0150,F0241,Wheat,0.6
B0150,F0505,Barley,0.6
B0150,F0062,Barley,0.598
B0150,F1493,Barley,0.598
B0151,F0752,Cotton,0.598
B0151,F0840,Cotton,0.598
B0151,F0705,Cotton,0.598
B0151,F0880,Cotton,0.598
B0151,F0385,Cotton,0.597
B0152,F1151,Cotton,0.6
B0152,F1972,Cotton,0.6
B0152,F1534,Cotton,0.599
B0152,F0881,Cotton,0.594
B0152,F0411,Maize,0.593
B0153,F1741,Millets,0.838
B0153,F1660,Millets,0.599
B0153,F0610,Millets,0.599
B0153,F1706,Millets,0.599
B0153,F0649,Millets,0.599
B0154,F1972,Cotton,0.599
B0154,F0881,Cotton,0.598
B0154,F1151,Cotton,0.598
B0154,F1534,Cotton,0.595
B0154,F0588,Maize,0.593
B0155,F0619,Barley,0.768
B0155,F1704,Maize,0.6
B0155,F1322,Maize,0.599
B0155,F1011,Cotton,0.599
B0155,F0666,Cotton,0.599
B0156,F0027,Pulses,0.859
B0156,F1903,Rice,0.599
B0156,F0033,Sugarcane,0.599
B0156,F1181,Pulses,0.599
B0156,F0545,Rice,0.599
B0157,F1973,Maize,0.6
B0157,F1894,Maize,0.597
B0157,F1789,Cotton,0.597
B0157,F0415,Maize,0.596
B0157,F0456,Maize,0.595
B0158,F1060,Sugarcane,0.661
B0158,F1301,Barley,0.598
B0158,F1477,Barley,0.598
B0158,F1360,Barley,0.597
B0158,F0569,Barley,0.596
B0159,F1643,Cotton,0.836
B0159,F1625,Pulses,0.6
B0159,F1628,Rice,0.599
B0159,F0038,Rice,0.599
B0159,F0457,Pulses,0.598
B0160,F0003,Cotton,0.6
B0160,F0230,Cotton,0.599
B0160,F0471,Cotton,0.599
B0160,F0654,Cotton,0.599
B0160,F1890,Cotton,0.598
B0161,F0031,Cotton,0.927
B0161,F0864,Wheat,0.831
B0161,F1111,Rice,0.737
B0161,F1493,Barley,0.6
B0161,F1636,Barley,0.6
B0162,F1480,Millets,0.919
B0162,F0084,Millets,0.905
B0162,F0830,Millets,0.897
B0162,F0062,Barley,0.777
B0162,F0881,Cotton,0.597
B0163,F1592,Maize,0.599
B0163,F1110,Maize,0.597
B0163,F0955,Maize,0.597
B0163,F1342,Millets,0.597
B0163,F0608,Millets,0.597
B0164,F0838,Cotton,0.748
B0164,F1547,Millets,0.6
B0164,F0747,Maize,0.599
B0164,F0782,Maize,0.599
B0164,F1325,Cotton,0.599
B0165,F1838,Sugarcane,0.904
B0165,F1868,Cotton,0.679
B0165,F1981,Cotton,0.6
B0165,F1082,Cotton,0.596
B0165,F1201,Cotton,0.596
B0166,F0079,Barley,0.6
B0166,F1398,Barley,0.6
B0166,F1698,Barley,0.599
B0166,F0760,Barley,0.599
B0166,F1703,Barley,0.599
B0167,F1005,Rice,0.6
B0167,F1125,Pulses,0.599
B0167,F1615,Pulses,0.599
B0167,F1903,Rice,0.599
B0167,F0450,Pulses,0.598
B0168,F0954,Sugarcane,0.782
B0168,F0176,Pulses,0.599
B0168,F1623,Pulses,0.599
B0168,F1936,Millets,0.598
B0168,F0618,Millets,0.598
B0169,F0389,Rice,0.933
B0169,F0059,Maize,0.914
B0169,F0830,Millets,0.6
B0169,F1531,Pulses,0.598
B0169,F0453,Pulses,0.597
B0170,F0009,Barley,0.6
B0170,F0051,Barley,0.6
B0170,F1750,Barley,0.599
B0170,F0899,Barley,0.599
B0170,F1348,Barley,0.598
B0171,F1675,Rice,0.74
B0171,F0063,Cotton,0.598
B0171,F0288,Cotton,0.596
B0171,F0951,Maize,0.595
B0171,F1440,Maize,0.594
B0172,F1754,Barley,0.715
B0172,F0803,Rice,0.6
B0172,F0453,Pulses,0.599
B0172,F1336,Pulses,0.599
B0172,F0887,Rice,0.599
B0173,F1508,Wheat,0.776
B0173,F0600,Pulses,0.6
B0173,F0481,Sugarcane,0.599
B0173,F1203,Sugarcane,0.599
B0173,F0050,Pulses,0.598
B0174,F1529,Pulses,0.598
B0174,F1659,Rice,0.597
B0174,F0255,Rice,0.597
B0174,F0379,Wheat,0.596
B0174,F1140,Rice,0.595
B0175,F1916,Wheat,0.871
B0175,F1440,Maize,0.824
B0175,F0450,Pulses,0.6
B0175,F1483,Pulses,0.599
B0175,F1604,Rice,0.599
B0176,F0764,Wheat,0.599
B0176,F0287,Rice,0.599
B0176,F1746,Wheat,0.598
B0176,F0667,Pulses,0.598
B0176,F0066,Wheat,0.597
B0177,F1545,Millets,0.734
B0177,F0435,Sugarcane,0.697
B0177,F1611,Cotton,0.598
B0177,F1210,Cotton,0.598
B0177,F1029,Cotton,0.598
B0178,F1384,Sugarcane,0.706
B0178,F1208,Pulses,0.598
B0178,F1523,Rice,0.598
B0178,F1183,Millets,0.597
B0178,F1420,Rice,0.597
B0179,F0419,Millets,0.77
B0179,F1891,Wheat,0.6
B0179,F1961,Wheat,0.6
B0179,F1521,Pulses,0.599
B0179,F0266,Wheat,0.599
B0180,F1508,Wheat,0.773
B0180,F0977,Millets,0.599
B0180,F0348,Sugarcane,0.597
B0180,F0897,Pulses,0.597
B0180,F0696,Sugarcane,0.596
B0181,F1093,Millets,0.931
B0181,F1181,Pulses,0.905
B0181,F0234,Sugarcane,0.6
B0181,F0935,Millets,0.6
B0181,F0803,Rice,0.599
B0182,F1406,Millets,0.845
B0182,F1530,Sugarcane,0.6
B0182,F0010,Wheat,0.599
B0182,F1987,Wheat,0.599
B0182,F0102,Wheat,0.598
B0183,F1206,Pulses,0.98
B0183,F0677,Sugarcane,0.6
B0183,F0861,Sugarcane,0.6
B0183,F1166,Wheat,0.599
B0183,F1720,Rice,0.598
B0184,F0036,Cotton,0.598
B0184,F0322,Cotton,0.598
B0184,F0485,Cotton,0.593
B0184,F1973,Maize,0.592
B0184,F1654,Barley,0.592
B0185,F0659,Sugarcane,0.896
B0185,F1866,Wheat,0.703
B0185,F0822,Sugarcane,0.6
B0185,F1932,Sugarcane,0.599
B0185,F1998,Rice,0.599
B0186,F1550,Millets,0.909
B0186,F0924,Barley,0.679
B0186,F0648,Rice,0.6
B0186,F1985,Pulses,0.6
B0186,F0272,Millets,0.599
B0187,F1019,Millets,0.691
B0187,F1943,Pulses,0.6
B0187,F0266,Wheat,0.599
B0187,F1891,Wheat,0.598
B0187,F1961,Wheat,0.597
B0188,F1300,Wheat,0.821
B0188,F0915,Sugarcane,0.6
B0188,F0067,Sugarcane,0.599
B0188,F0632,Sugarcane,0.599
B0188,F0017,Sugarcane,0.599
B0189,F1445,Maize,0.6
B0189,F1566,Maize,0.6
B0189,F0945,Cotton,0.6
B0189,F1321,Millets,0.599
B0189,F0148,Maize,0.599
B0190,F1715,Pulses,0.902
B0190,F0662,Maize,0.6
B0190,F0810,Cotton,0.599
B0190,F1428,Maize,0.599
B0190,F0395,Maize,0.598
B0191,F1572,Millets,0.85
B0191,F1513,Cotton,0.597
B0191,F1463,Cotton,0.597
B0191,F0647,Cotton,0.597
B0191,F0905,Maize,0.596
B0192,F0752,Cotton,0.859
B0192,F1384,Sugarcane,0.814
B0192,F0548,Sugarcane,0.6
B0192,F1349,Millets,0.599
B0192,F0712,Wheat,0.599
B0193,F1742,Wheat,0.6
B0193,F1254,Wheat,0.599
B0193,F0478,Millets,0.599
B0193,F0613,Sugarcane,0.599
B0193,F0612,Wheat,0.599
B0194,F1726,Pulses,0.81
B0194,F1017,Wheat,0.6
B0194,F1920,Rice,0.599
B0194,F1819,Wheat,0.598
B0194,F1284,Rice,0.598
B0195,F1413,Cotton,0.597
B0195,F0776,Cotton,0.596
B0195,F0739,Cotton,0.596
B0195,F1544,Cotton,0.596
B0195,F0790,Barley,0.595
B0196,F0611,Cotton,0.641
B0196,F0541,Barley,0.599
B0196,F0319,Barley,0.598
B0196,F0168,Barley,0.598
B0196,F0366,Barley,0.597
B0197,F0835,Rice,0.975
B0197,F1824,Sugarcane,0.892
B0197,F0489,Rice,0.6
B0197,F0294,Wheat,0.6
B0197,F1779,Millets,0.599
B0198,F1567,Cotton,0.86
B0198,F1461,Cotton,0.599
B0198,F1200,Cotton,0.598
B0198,F1376,Cotton,0.596
B0198,F1701,Cotton,0.596
B0199,F0966,Rice,0.6
B0199,F1035,Rice,0.599
B0199,F1048,Rice,0.599
B0199,F0794,Sugarcane,0.599
B0199,F0770,Rice,0.599
B0200,F1963,Wheat,0.598
B0200,F0954,Sugarcane,0.598
B0200,F0252,Rice,0.598
B0200,F1086,Rice,0.598
B0200,F1128,Wheat,0.598
B0201,F0870,Pulses,0.599
B0201,F1416,Sugarcane,0.599
B0201,F1697,Rice,0.599
B0201,F1357,Sugarcane,0.599
B0201,F1962,Rice,0.598
B0202,F1637,Rice,0.825
B0202,F0810,Cotton,0.599
B0202,F1311,Maize,0.599
B0202,F1118,Cotton,0.599
B0202,F0395,Maize,0.599
B0203,F0236,Sugarcane,0.6
B0203,F0777,Rice,0.599
B0203,F1023,Wheat,0.597
B0203,F0422,Wheat,0.596
B0203,F1431,Rice,0.595
B0204,F0508,Maize,0.874
B0204,F0294,Wheat,0.787
B0204,F1736,Millets,0.6
B0204,F0969,Pulses,0.598
B0204,F0215,Maize,0.598
B0205,F1874,Pulses,0.875
B0205,F1097,Wheat,0.599
B0205,F1712,Rice,0.599
B0205,F1642,Rice,0.598
B0205,F2000,Rice,0.597
B0206,F1583,Cotton,0.883
B0206,F1802,Cotton,0.599
B0206,F0676,Cotton,0.598
B0206,F1015,Cotton,0.598
B0206,F0455,Cotton,0.597
B0207,F1017,Wheat,0.598
B0207,F1287,Wheat,0.598
B0207,F1546,Sugarcane,0.598
B0207,F1085,Pulses,0.597
B0207,F0939,Pulses,0.597
B0208,F0027,Pulses,0.928
B0208,F0683,Barley,0.88
B0208,F0965,Barley,0.599
B0208,F1243,Barley,0.599
B0208,F1542,Barley,0.599
B0209,F1929,Millets,0.951
B0209,F1359,Sugarcane,0.896
B0209,F0082,Sugarcane,0.742
B0209,F0029,Millets,0.599
B0209,F1851,Maize,0.599
B0210,F1213,Wheat,0.858
B0210,F1531,Pulses,0.599
B0210,F0830,Millets,0.598
B0210,F1190,Millets,0.597
B0210,F1350,Cotton,0.596
B0211,F1547,Millets,0.599
B0211,F1392,Pulses,0.599
B0211,F0747,Maize,0.598
B0211,F1478,Millets,0.598
B0211,F0782,Maize,0.598
B0212,F1201,Cotton,0.598
B0212,F0880,Cotton,0.598
B0212,F0705,Cotton,0.598
B0212,F0752,Cotton,0.598
B0212,F1620,Cotton,0.597
B0213,F1353,Barley,0.744
B0213,F1057,Millets,0.599
B0213,F0207,Millets,0.599
B0213,F0487,Maize,0.598
B0213,F1927,Cotton,0.598
B0214,F1844,Maize,0.598
B0214,F1173,Maize,0.598
B0214,F1544,Cotton,0.597
B0214,F0776,Cotton,0.597
B0214,F1413,Cotton,0.596
B0215,F1802,Cotton,0.774
B0215,F1156,Rice,0.599
B0215,F1613,Millets,0.599
B0215,F1841,Wheat,0.598
B0215,F0324,Wheat,0.597
B0216,F0366,Barley,0.851
B0216,F0272,Millets,0.838
B0216,F0254,Cotton,0.597
B0216,F0881,Cotton,0.597
B0216,F1395,Cotton,0.592
B0217,F1909,Wheat,0.85
B0217,F0260,Maize,0.645
B0217,F0198,Sugarcane,0.599
B0217,F0674,Pulses,0.599
B0217,F0923,Rice,0.599
B0218,F0563,Barley,0.598
B0218,F0569,Barley,0.598
B0218,F1654,Barley,0.597
B0218,F1360,Barley,0.597
B0218,F1487,Barley,0.595
B0219,F0814,Sugarcane,0.764
B0219,F0279,Rice,0.708
B0219,F1931,Millets,0.599
B0219,F1936,Millets,0.598
B0219,F0176,Pulses,0.598
B0220,F1282,Barley,0.6
B0220,F1517,Barley,0.599
B0220,F0607,Barley,0.599
B0220,F1794,Barley,0.596
B0220,F1553,Barley,0.596
B0221,F1170,Maize,0.916
B0221,F1145,Sugarcane,0.812
B0221,F1772,Maize,0.599
B0221,F0883,Maize,0.599
B0221,F1526,Maize,0.598
B0222,F0495,Cotton,0.597
B0222,F1610,Maize,0.597
B0222,F0288,Cotton,0.596
B0222,F1440,Maize,0.596
B0222,F0200,Maize,0.595
B0223,F0738,Cotton,0.811
B0223,F1884,Cotton,0.769
B0223,F0431,Rice,0.752
B0223,F1789,Cotton,0.597
B0223,F0456,Maize,0.597
B0224,F0898,Sugarcane,0.812
B0224,F1416,Sugarcane,0.6
B0224,F1357,Sugarcane,0.599
B0224,F1697,Rice,0.599
B0224,F0870,Pulses,0.598
B0225,F0662,Maize,0.6
B0225,F1953,Maize,0.598
B0225,F0425,Millets,0.598
B0225,F1428,Maize,0.598
B0225,F0920,Millets,0.597
B0226,F0113,Millets,0.809
B0226,F1073,Wheat,0.599
B0226,F0775,Wheat,0.599
B0226,F0071,Wheat,0.599
B0226,F1991,Sugarcane,0.598
B0227,F1112,Rice,0.599
B0227,F0096,Pulses,0.597
B0227,F0510,Wheat,0.596
B0227,F0773,Rice,0.596
B0227,F1878,Wheat,0.596
B0228,F1232,Millets,0.599
B0228,F1736,Millets,0.599
B0228,F0111,Millets,0.597
B0228,F0734,Millets,0.597
B0228,F0434,Millets,0.597
B0229,F1530,Sugarcane,0.775
B0229,F1073,Wheat,0.599
B0229,F0775,Wheat,0.599
B0229,F0071,Wheat,0.598
B0229,F1975,Wheat,0.597
B0230,F1043,Barley,0.6
B0230,F1343,Barley,0.6
B0230,F0909,Barley,0.598
B0230,F1813,Barley,0.596
B0230,F0683,Barley,0.595
B0231,F1719,Wheat,0.598
B0231,F1420,Rice,0.597
B0231,F1951,Sugarcane,0.597
B0231,F0634,Rice,0.597
B0231,F0396,Sugarcane,0.597
B0232,F1709,Millets,0.865
B0232,F1084,Sugarcane,0.598
B0232,F0806,Sugarcane,0.598
B0232,F0089,Sugarcane,0.597
B0232,F0165,Wheat,0.597
B0233,F1804,Millets,0.599
B0233,F0882,Pulses,0.599
B0233,F0399,Millets,0.599
B0233,F1496,Cotton,0.599
B0233,F0475,Maize,0.599
B0234,F0149,Rice,0.829
B0234,F0737,Sugarcane,0.599
B0234,F0088,Rice,0.599
B0234,F0699,Wheat,0.598
B0234,F1130,Wheat,0.598
B0235,F1895,Rice,0.6
B0235,F1239,Rice,0.6
B0235,F0302,Rice,0.599
B0235,F1809,Sugarcane,0.599
B0235,F0033,Sugarcane,0.598
B0236,F0244,Rice,0.657
B0236,F0370,Barley,0.6
B0236,F0298,Barley,0.599
B0236,F1512,Barley,0.599
B0236,F0350,Barley,0.599
B0237,F0578,Pulses,0.6
B0237,F1060,Sugarcane,0.6
B0237,F1042,Wheat,0.599
B0237,F0877,Wheat,0.599
B0237,F0354,Millets,0.598
B0238,F1809,Sugarcane,0.931
B0238,F0986,Wheat,0.868
B0238,F0448,Pulses,0.756
B0238,F0461,Wheat,0.599
B0238,F0232,Sugarcane,0.599
B0239,F0761,Sugarcane,0.714
B0239,F1676,Cotton,0.688
B0239,F0635,Wheat,0.6
B0239,F1084,Sugarcane,0.599
B0239,F0281,Sugarcane,0.599
B0240,F0132,Cotton,0.6
B0240,F1869,Cotton,0.599
B0240,F0254,Cotton,0.599
B0240,F1395,Cotton,0.598
B0240,F0005,Maize,0.593
B0241,F1101,Maize,0.784
B0241,F0330,Millets,0.599
B0241,F1019,Millets,0.599
B0241,F1098,Pulses,0.599
B0241,F0171,Millets,0.598
B0242,F0792,Millets,0.824
B0242,F1102,Wheat,0.787
B0242,F0118,Pulses,0.6
B0242,F1949,Sugarcane,0.598
B0242,F0820,Rice,0.598
B0243,F1760,Maize,0.599
B0243,F1372,Maize,0.599
B0243,F0014,Maize,0.598
B0243,F0734,Millets,0.597
B0243,F0527,Maize,0.597
B0244,F1524,Cotton,0.882
B0244,F1013,Pulses,0.713
B0244,F1030,Cotton,0.599
B0244,F0063,Cotton,0.598
B0244,F0270,Maize,0.596
B0245,F1011,Cotton,0.603
B0245,F1459,Pulses,0.6
B0245,F0875,Wheat,0.599
B0245,F1536,Wheat,0.599
B0245,F1668,Rice,0.598
B0246,F0837,Maize,0.807
B0246,F0014,Maize,0.6
B0246,F0527,Maize,0.6
B0246,F1814,Cotton,0.598
B0246,F1806,Maize,0.598
B0247,F0811,Maize,0.6
B0247,F1974,Millets,0.599
B0247,F1297,Maize,0.599
B0247,F0086,Maize,0.598
B0247,F1192,Maize,0.598
B0248,F0933,Rice,0.599
B0248,F0073,Rice,0.599
B0248,F1455,Rice,0.599
B0248,F0915,Sugarcane,0.598
B0248,F1044,Rice,0.598
B0249,F1987,Wheat,0.723
B0249,F1530,Sugarcane,0.713
B0249,F1303,Barley,0.6
B0249,F1846,Barley,0.598
B0249,F0869,Barley,0.597
B0250,F0283,Pulses,0.598
B0250,F1385,Rice,0.598
B0250,F1895,Rice,0.597
B0250,F0807,Millets,0.597
B0250,F0995,Sugarcane,0.596
B0251,F1486,Barley,0.599
B0251,F0965,Barley,0.598
B0251,F1492,Barley,0.598
B0251,F1267,Barley,0.597
B0251,F0726,Cotton,0.596
B0252,F0602,Millets,0.6
B0252,F1316,Sugarcane,0.599
B0252,F1954,Sugarcane,0.599
B0252,F0445,Sugarcane,0.598
B0252,F0107,Pulses,0.597
B0253,F1368,Pulses,0.6
B0253,F1420,Rice,0.598
B0253,F1183,Millets,0.598
B0253,F1208,Pulses,0.598
B0253,F1947,Rice,0.598
B0254,F0246,Pulses,0.916
B0254,F0237,Pulses,0.6
B0254,F0470,Sugarcane,0.6
B0254,F1354,Pulses,0.599
B0254,F1883,Rice,0.599
B0255,F0506,Rice,0.76
B0255,F1498,Millets,0.6
B0255,F0777,Rice,0.599
B0255,F0128,Rice,0.599
B0255,F0774,Sugarcane,0.598
B0256,F1621,Cotton,0.599
B0256,F1616,Maize,0.599
B0256,F0666,Cotton,0.598
B0256,F0950,Cotton,0.598
B0256,F1857,Cotton,0.597
B0257,F0339,Sugarcane,0.863
B0257,F0805,Pulses,0.801
B0257,F0844,Barley,0.758
B0257,F1853,Pulses,0.599
B0257,F1469,Sugarcane,0.599
B0258,F1477,Barley,0.6
B0258,F1360,Barley,0.598
B0258,F0790,Barley,0.598
B0258,F0569,Barley,0.597
B0258,F0739,Cotton,0.591
B0259,F0577,Cotton,0.599
B0259,F1643,Cotton,0.597
B0259,F0239,Maize,0.597
B0259,F0216,Cotton,0.596
B0259,F1832,Cotton,0.595
B0260,F0945,Cotton,0.923
B0260,F0492,Cotton,0.896
B0260,F1869,Cotton,0.724
B0260,F0225,Wheat,0.599
B0260,F0313,Sugarcane,0.599
B0261,F1889,Barley,0.6
B0261,F0201,Barley,0.599
B0261,F1092,Barley,0.599
B0261,F1389,Barley,0.598
B0261,F1038,Barley,0.593
B0262,F1041,Cotton,0.698
B0262,F0718,Sugarcane,0.6
B0262,F1399,Sugarcane,0.6
B0262,F0106,Wheat,0.599
B0262,F1727,Sugarcane,0.598
B0263,F0104,Sugarcane,0.809
B0263,F0090,Wheat,0.599
B0263,F1450,Sugarcane,0.598
B0263,F0477,Rice,0.598
B0263,F0775,Wheat,0.597
B0264,F1968,Millets,0.885
B0264,F0990,Millets,0.597
B0264,F0415,Maize,0.596
B0264,F0154,Maize,0.595
B0264,F1178,Millets,0.594
B0265,F1156,Rice,0.598
B0265,F1613,Millets,0.597
B0265,F0422,Wheat,0.597
B0265,F1841,Wheat,0.597
B0265,F1914,Pulses,0.596
B0266,F0545,Rice,0.6
B0266,F0033,Sugarcane,0.599
B0266,F1181,Pulses,0.599
B0266,F1903,Rice,0.598
B0266,F1604,Rice,0.598
B0267,F0231,Pulses,0.87
B0267,F0345,Maize,0.6
B0267,F1898,Maize,0.6
B0267,F1496,Cotton,0.6
B0267,F0492,Cotton,0.599
B0268,F1709,Millets,0.873
B0268,F0006,Millets,0.599
B0268,F1443,Sugarcane,0.599
B0268,F0351,Sugarcane,0.599
B0268,F1668,Rice,0.598
B0269,F1185,Millets,0.768
B0269,F0855,Barley,0.686
B0269,F0461,Wheat,0.599
B0269,F1681,Sugarcane,0.599
B0269,F0660,Wheat,0.599
B0270,F1141,Pulses,0.895
B0270,F1312,Wheat,0.6
B0270,F1449,Pulses,0.6
B0270,F0327,Maize,0.599
B0270,F0621,Sugarcane,0.599
B0271,F0496,Barley,0.599
B0271,F0787,Barley,0.598
B0271,F0629,Barley,0.597
B0271,F1267,Barley,0.596
B0271,F0726,Cotton,0.596
B0272,F0988,Sugarcane,0.763
B0272,F1828,Millets,0.599
B0272,F1770,Cotton,0.598
B0272,F0857,Maize,0.598
B0272,F0303,Maize,0.598
B0273,F0368,Wheat,0.828
B0273,F0581,Pulses,0.6
B0273,F0355,Millets,0.599
B0273,F1158,Rice,0.598
B0273,F1693,Sugarcane,0.598
B0274,F0865,Sugarcane,0.872
B0274,F0551,Rice,0.599
B0274,F1627,Rice,0.599
B0274,F1693,Sugarcane,0.598
B0274,F0295,Wheat,0.598
B0275,F1927,Cotton,0.599
B0275,F1101,Maize,0.598
B0275,F0207,Millets,0.597
B0275,F0487,Maize,0.597
B0275,F0747,Maize,0.596
B0276,F1191,Maize,0.899
B0276,F1665,Maize,0.758
B0276,F0677,Sugarcane,0.599
B0276,F0156,Wheat,0.599
B0276,F0861,Sugarcane,0.599
B0277,F1524,Cotton,0.597
B0277,F1965,Cotton,0.597
B0277,F0535,Maize,0.596
B0277,F1973,Maize,0.596
B0277,F1978,Maize,0.595
B0278,F0743,Wheat,0.903
B0278,F0334,Maize,0.792
B0278,F0205,Sugarcane,0.6
B0278,F1554,Sugarcane,0.599
B0278,F1817,Wheat,0.599
B0279,F1971,Rice,0.614
B0279,F0706,Cotton,0.6
B0279,F1082,Cotton,0.598
B0279,F0053,Maize,0.597
B0279,F1981,Cotton,0.596
B0280,F0534,Rice,0.6
B0280,F0786,Rice,0.599
B0280,F0981,Sugarcane,0.598
B0280,F0234,Sugarcane,0.598
B0280,F0247,Rice,0.597
B0281,F1396,Pulses,0.6
B0281,F1721,Pulses,0.599
B0281,F1380,Wheat,0.598
B0281,F0962,Rice,0.598
B0281,F0368,Wheat,0.598
B0282,F0528,Wheat,0.745
B0282,F1968,Millets,0.599
B0282,F0800,Maize,0.599
B0282,F1330,Cotton,0.599
B0282,F0180,Maize,0.598
B0283,F0543,Maize,0.8
B0283,F1314,Cotton,0.761
B0283,F0027,Pulses,0.739
B0283,F1769,Barley,0.598
B0283,F1602,Barley,0.598
B0284,F0066,Wheat,0.6
B0284,F1421,Rice,0.599
B0284,F1270,Wheat,0.599
B0284,F0667,Pulses,0.597
B0284,F0377,Sugarcane,0.597
B0285,F1198,Maize,0.718
B0285,F0064,Rice,0.705
B0285,F1310,Sugarcane,0.599
B0285,F1387,Rice,0.599
B0285,F1388,Sugarcane,0.598
B0286,F1943,Pulses,0.6
B0286,F0266,Wheat,0.6
B0286,F1891,Wheat,0.6
B0286,F1961,Wheat,0.599
B0286,F1435,Sugarcane,0.597
B0287,F0166,Rice,0.599
B0287,F1861,Pulses,0.599
B0287,F1842,Pulses,0.599
B0287,F1588,Rice,0.599
B0287,F0926,Maize,0.599
B0288,F1918,Pulses,0.821
B0288,F1139,Sugarcane,0.754
B0288,F0505,Barley,0.6
B0288,F0841,Barley,0.599
B0288,F0550,Barley,0.599
B0289,F1208,Pulses,0.6
B0289,F1523,Rice,0.598
B0289,F1420,Rice,0.597
B0289,F1183,Millets,0.597
B0289,F1368,Pulses,0.597
B0290,F1366,Pulses,0.849
B0290,F0327,Maize,0.6
B0290,F1971,Rice,0.6
B0290,F1312,Wheat,0.599
B0290,F0546,Millets,0.599
B0291,F1259,Millets,0.6
B0291,F1190,Millets,0.598
B0291,F0240,Millets,0.597
B0291,F1628,Rice,0.597
B0291,F1645,Rice,0.597
B0292,F0429,Rice,0.839
B0292,F0884,Millets,0.834
B0292,F0572,Maize,0.599
B0292,F1454,Maize,0.599
B0292,F0837,Maize,0.599
B0293,F0676,Cotton,0.75
B0293,F0496,Barley,0.678
B0293,F0072,Wheat,0.6
B0293,F0103,Wheat,0.598
B0293,F1681,Sugarcane,0.598
B0294,F1760,Maize,0.798
B0294,F0456,Maize,0.784
B0294,F0663,Cotton,0.745
B0294,F1911,Sugarcane,0.6
B0294,F0196,Wheat,0.6
B0295,F1793,Barley,0.598
B0295,F1905,Barley,0.598
B0295,F1896,Barley,0.597
B0295,F0598,Barley,0.597
B0295,F1941,Barley,0.596
B0296,F0683,Barley,0.598
B0296,F1301,Barley,0.597
B0296,F1487,Barley,0.596
B0296,F0356,Barley,0.596
B0296,F1043,Barley,0.595
B0297,F0393,Millets,0.837
B0297,F1336,Pulses,0.598
B0297,F1838,Sugarcane,0.598
B0297,F0453,Pulses,0.598
B0297,F1874,Pulses,0.598
B0298,F0300,Millets,0.946
B0298,F0383,Sugarcane,0.6
B0298,F1145,Sugarcane,0.599
B0298,F0730,Sugarcane,0.599
B0298,F1121,Wheat,0.598
B0299,F1676,Cotton,0.884
B0299,F1403,Rice,0.599
B0299,F0367,Pulses,0.599
B0299,F1528,Rice,0.599
B0299,F0304,Pulses,0.599
B0300,F0801,Rice,0.599
B0300,F0614,Wheat,0.599
B0300,F0544,Wheat,0.599
B0300,F0321,Millets,0.599
B0300,F1883,Rice,0.599
B0301,F1654,Barley,0.6
B0301,F0563,Barley,0.599
B0301,F1251,Barley,0.599
B0301,F1245,Barley,0.597
B0301,F0449,Barley,0.592
B0302,F0810,Cotton,0.798
B0302,F1350,Cotton,0.598
B0302,F0329,Millets,0.597
B0302,F0608,Millets,0.596
B0302,F1483,Pulses,0.596
B0303,F1512,Barley,0.6
B0303,F0298,Barley,0.6
B0303,F0194,Barley,0.599
B0303,F0350,Barley,0.599
B0303,F1634,Barley,0.598
B0304,F1213,Wheat,0.731
B0304,F0531,Rice,0.672
B0304,F0115,Barley,0.6
B0304,F1548,Barley,0.599
B0304,F0182,Barley,0.598
B0305,F0630,Barley,0.598
B0305,F0157,Barley,0.595
B0305,F1813,Barley,0.593
B0305,F0063,Cotton,0.592
B0305,F1030,Cotton,0.59
B0306,F0849,Barley,0.598
B0306,F0904,Barley,0.598
B0306,F0931,Barley,0.597
B0306,F1124,Barley,0.597
B0306,F0212,Barley,0.595
B0307,F1987,Wheat,0.599
B0307,F0010,Wheat,0.599
B0307,F1212,Sugarcane,0.599
B0307,F0156,Wheat,0.599
B0307,F1515,Sugarcane,0.599
B0308,F1665,Maize,0.841
B0308,F1492,Barley,0.833
B0308,F1618,Rice,0.6
B0308,F0709,Millets,0.599
B0308,F0450,Pulses,0.599
B0309,F1019,Millets,0.599
B0309,F0173,Maize,0.599
B0309,F0999,Millets,0.598
B0309,F0171,Millets,0.598
B0309,F1781,Pulses,0.598
B0310,F1170,Maize,0.599
B0310,F0121,Millets,0.598
B0310,F0386,Millets,0.597
B0310,F0652,Millets,0.597
B0310,F1760,Maize,0.596
B0311,F0983,Sugarcane,0.815
B0311,F0373,Wheat,0.599
B0311,F1184,Sugarcane,0.598
B0311,F0233,Sugarcane,0.597
B0311,F0104,Sugarcane,0.596
B0312,F0619,Barley,0.6
B0312,F0356,Barley,0.598
B0312,F1114,Barley,0.597
B0312,F1398,Barley,0.597
B0312,F1685,Barley,0.596
B0313,F1550,Millets,0.598
B0313,F0005,Maize,0.597
B0313,F0702,Millets,0.596
B0313,F0532,Millets,0.596
B0313,F1395,Cotton,0.592
B0314,F1042,Wheat,0.599
B0314,F0578,Pulses,0.599
B0314,F0089,Sugarcane,0.599
B0314,F0806,Sugarcane,0.599
B0314,F1060,Sugarcane,0.599
B0315,F0955,Maize,0.779
B0315,F1961,Wheat,0.6
B0315,F0266,Wheat,0.6
B0315,F1521,Pulses,0.599
B0315,F0344,Wheat,0.599
B0316,F1681,Sugarcane,0.6
B0316,F0660,Wheat,0.6
B0316,F0561,Sugarcane,0.599
B0316,F0400,Rice,0.598
B0316,F1355,Wheat,0.598
B0317,F1652,Pulses,0.975
B0317,F1614,Rice,0.957
B0317,F0973,Rice,0.6
B0317,F1495,Pulses,0.599
B0317,F1628,Rice,0.599
B0318,F1422,Rice,0.598
B0318,F1619,Pulses,0.598
B0318,F0414,Rice,0.598
B0318,F1455,Rice,0.598
B0318,F1309,Rice,0.598
B0319,F1054,Barley,0.864
B0319,F0307,Sugarcane,0.659
B0319,F1617,Barley,0.6
B0319,F1224,Barley,0.599
B0319,F0550,Barley,0.598
B0320,F1965,Cotton,0.935
B0320,F1084,Sugarcane,0.767
B0320,F0322,Cotton,0.6
B0320,F0036,Cotton,0.6
B0320,F0563,Barley,0.592
B0321,F1301,Barley,0.598
B0321,F0146,Barley,0.597
B0321,F0575,Barley,0.596
B0321,F1348,Barley,0.594
B0321,F1477,Barley,0.594
B0322,F1771,Maize,0.599
B0322,F0728,Maize,0.599
B0322,F1172,Maize,0.599
B0322,F1984,Maize,0.598
B0322,F0654,Cotton,0.598
B0323,F0777,Rice,0.6
B0323,F1498,Millets,0.599
B0323,F0422,Wheat,0.599
B0323,F0236,Sugarcane,0.598
B0323,F0128,Rice,0.598
B0324,F0674,Pulses,0.885
B0324,F1171,Millets,0.598
B0324,F1918,Pulses,0.598
B0324,F1630,Pulses,0.598
B0324,F1307,Millets,0.597
B0325,F0032,Rice,0.908
B0325,F0783,Millets,0.704
B0325,F1307,Millets,0.6
B0325,F0854,Maize,0.6
B0325,F0219,Millets,0.6
B0326,F1336,Pulses,0.922
B0326,F0936,Rice,0.599
B0326,F0293,Rice,0.599
B0326,F1949,Sugarcane,0.599
B0326,F1442,Wheat,0.599
B0327,F0236,Sugarcane,0.764
B0327,F0071,Wheat,0.599
B0327,F1925,Wheat,0.599
B0327,F1725,Wheat,0.598
B0327,F0226,Wheat,0.597
B0328,F1047,Maize,0.6
B0328,F0199,Cotton,0.6
B0328,F0615,Pulses,0.599
B0328,F0509,Millets,0.599
B0328,F0716,Millets,0.598
B0329,F1404,Pulses,0.913
B0329,F1096,Wheat,0.6
B0329,F0639,Wheat,0.599
B0329,F0143,Sugarcane,0.597
B0329,F0315,Maize,0.597
B0330,F1287,Wheat,0.824
B0330,F1959,Cotton,0.723
B0330,F0736,Maize,0.6
B0330,F1717,Millets,0.599
B0330,F1238,Millets,0.598
B0331,F1179,Barley,0.695
B0331,F1055,Rice,0.599
B0331,F0429,Rice,0.599
B0331,F0709,Millets,0.599
B0331,F0671,Rice,0.599
B0332,F1563,Sugarcane,0.831
B0332,F0703,Rice,0.598
B0332,F1122,Maize,0.596
B0332,F1498,Millets,0.594
B0332,F0128,Rice,0.594
B0333,F1787,Sugarcane,0.6
B0333,F1225,Rice,0.6
B0333,F0714,Sugarcane,0.599
B0333,F0358,Millets,0.599
B0333,F0750,Wheat,0.599
B0334,F1060,Sugarcane,0.6
B0334,F0578,Pulses,0.6
B0334,F0877,Wheat,0.599
B0334,F0836,Sugarcane,0.599
B0334,F0291,Rice,0.599
B0335,F0715,Millets,0.893
B0335,F0582,Rice,0.6
B0335,F1215,Wheat,0.6
B0335,F0803,Rice,0.599
B0335,F0234,Sugarcane,0.599
B0336,F1162,Cotton,0.703
B0336,F0764,Wheat,0.599
B0336,F1686,Rice,0.598
B0336,F0574,Wheat,0.597
B0336,F0253,Sugarcane,0.597
B0337,F1634,Barley,0.6
B0337,F1116,Barley,0.6
B0337,F1977,Barley,0.6
B0337,F0796,Barley,0.599
B0337,F1263,Barley,0.598
B0338,F0888,Pulses,0.599
B0338,F1967,Rice,0.599
B0338,F1943,Pulses,0.598
B0338,F0266,Wheat,0.598
B0338,F1768,Rice,0.598
B0339,F1530,Sugarcane,0.927
B0339,F0709,Millets,0.6
B0339,F0429,Rice,0.599
B0339,F1055,Rice,0.599
B0339,F1350,Cotton,0.599
B0340,F0316,Millets,0.797
B0340,F0079,Barley,0.718
B0340,F1811,Wheat,0.599
B0340,F0935,Millets,0.599
B0340,F1601,Millets,0.599
B0341,F1289,Sugarcane,0.726
B0341,F0161,Barley,0.599
B0341,F0168,Barley,0.598
B0341,F0790,Barley,0.593
B0341,F0960,Barley,0.593
B0342,F1600,Cotton,0.977
B0342,F0148,Maize,0.821
B0342,F1877,Cotton,0.599
B0342,F1279,Cotton,0.599
B0342,F0134,Cotton,0.597
B0343,F1521,Pulses,0.6
B0343,F1961,Wheat,0.6
B0343,F0344,Wheat,0.599
B0343,F0266,Wheat,0.599
B0343,F1538,Pulses,0.599
B0344,F0145,Millets,0.6
B0344,F0340,Sugarcane,0.599
B0344,F0540,Wheat,0.599
B0344,F1404,Pulses,0.598
B0344,F0315,Maize,0.598
B0345,F1063,Barley,0.6
B0345,F0697,Barley,0.6
B0345,F0169,Barley,0.599
B0345,F0004,Barley,0.599
B0345,F1606,Barley,0.599
B0346,F1455,Rice,0.6
B0346,F0915,Sugarcane,0.599
B0346,F1099,Pulses,0.599
B0346,F1787,Sugarcane,0.599
B0346,F0750,Wheat,0.599
B0347,F1152,Cotton,0.851
B0347,F1654,Barley,0.598
B0347,F1251,Barley,0.597
B0347,F1245,Barley,0.597
B0347,F0563,Barley,0.597
B0348,F0283,Pulses,0.809
B0348,F1467,Wheat,0.599
B0348,F0762,Wheat,0.597
B0348,F0528,Wheat,0.597
B0348,F0949,Pulses,0.596
B0349,F1420,Rice,0.791
B0349,F0524,Barley,0.599
B0349,F0449,Barley,0.599
B0349,F1117,Barley,0.598
B0349,F0563,Barley,0.597
B0350,F1724,Wheat,0.944
B0350,F0438,Millets,0.867
B0350,F1837,Pulses,0.813
B0350,F0077,Sugarcane,0.6
B0350,F0457,Pulses,0.6
B0351,F0864,Wheat,0.842
B0351,F1926,Cotton,0.6
B0351,F0031,Cotton,0.599
B0351,F0186,Cotton,0.599
B0351,F0462,Cotton,0.598
B0352,F1136,Maize,0.726
B0352,F0794,Sugarcane,0.6
B0352,F1807,Sugarcane,0.6
B0352,F1035,Rice,0.599
B0352,F0770,Rice,0.599
B0353,F1818,Barley,0.835
B0353,F1634,Barley,0.6
B0353,F1116,Barley,0.599
B0353,F1977,Barley,0.599
B0353,F0796,Barley,0.598
B0354,F0242,Barley,0.6
B0354,F0157,Barley,0.595
B0354,F0711,Barley,0.594
B0354,F0112,Barley,0.594
B0354,F0503,Cotton,0.594
B0355,F0435,Sugarcane,0.599
B0355,F0673,Pulses,0.598
B0355,F1948,Wheat,0.598
B0355,F1587,Rice,0.598
B0355,F0390,Rice,0.598
B0356,F0038,Rice,0.816
B0356,F1447,Millets,0.599
B0356,F1307,Millets,0.598
B0356,F1756,Millets,0.597
B0356,F1161,Millets,0.597
B0357,F0951,Maize,0.736
B0357,F0136,Cotton,0.599
B0357,F1765,Cotton,0.599
B0357,F1081,Maize,0.598
B0357,F1755,Cotton,0.598
B0358,F1050,Rice,0.755
B0358,F1972,Cotton,0.6
B0358,F1151,Cotton,0.599
B0358,F0881,Cotton,0.597
B0358,F1534,Cotton,0.597
B0359,F1224,Barley,0.6
B0359,F1617,Barley,0.6
B0359,F0550,Barley,0.599
B0359,F0670,Barley,0.598
B0359,F0346,Barley,0.598
B0360,F0540,Wheat,0.686
B0360,F1573,Pulses,0.598
B0360,F1180,Maize,0.598
B0360,F1191,Maize,0.598
B0360,F1183,Millets,0.598
B0361,F1590,Millets,0.86
B0361,F1097,Wheat,0.599
B0361,F0373,Wheat,0.598
B0361,F1591,Sugarcane,0.598
B0361,F1284,Rice,0.597
B0362,F0462,Cotton,0.598
B0362,F0726,Cotton,0.598
B0362,F0031,Cotton,0.598
B0362,F1926,Cotton,0.598
B0362,F0901,Cotton,0.598
B0363,F0896,Sugarcane,0.781
B0363,F0733,Rice,0.694
B0363,F1020,Cotton,0.599
B0363,F0337,Cotton,0.599
B0363,F1006,Cotton,0.598
B0364,F0152,Maize,0.599
B0364,F0424,Maize,0.598
B0364,F1136,Maize,0.597
B0364,F1143,Millets,0.597
B0364,F0766,Maize,0.595
B0365,F0509,Millets,0.6
B0365,F0228,Pulses,0.599
B0365,F0716,Millets,0.599
B0365,F0401,Millets,0.598
B0365,F0087,Pulses,0.598
B0366,F1979,Maize,0.882
B0366,F1008,Cotton,0.6
B0366,F1269,Cotton,0.599
B0366,F0206,Cotton,0.598
B0366,F1165,Cotton,0.598
B0367,F0262,Pulses,0.822
B0367,F0592,Millets,0.696
B0367,F0602,Millets,0.599
B0367,F1316,Sugarcane,0.599
B0367,F1954,Sugarcane,0.598
B0368,F0649,Millets,0.921
B0368,F0217,Sugarcane,0.88
B0368,F0286,Maize,0.791
B0368,F0119,Millets,0.599
B0368,F0240,Millets,0.599
B0369,F1780,Millets,0.596
B0369,F1290,Rice,0.596
B0369,F1782,Millets,0.596
B0369,F1230,Maize,0.595
B0369,F0493,Rice,0.595
B0370,F1156,Rice,0.599
B0370,F0852,Wheat,0.598
B0370,F0158,Wheat,0.598
B0370,F1914,Pulses,0.598
B0370,F0324,Wheat,0.597
B0371,F1197,Wheat,0.964
B0371,F1690,Sugarcane,0.6
B0371,F1774,Sugarcane,0.6
B0371,F1874,Pulses,0.6
B0371,F0267,Sugarcane,0.6
B0372,F1033,Rice,0.645
B0372,F1023,Wheat,0.6
B0372,F1304,Pulses,0.599
B0372,F1431,Rice,0.599
B0372,F0261,Rice,0.597
B0373,F0053,Maize,0.901
B0373,F1040,Maize,0.821
B0373,F1349,Millets,0.6
B0373,F0835,Rice,0.599
B0373,F0149,Rice,0.599
B0374,F1380,Wheat,0.735
B0374,F1143,Millets,0.599
B0374,F0982,Millets,0.597
B0374,F1786,Millets,0.597
B0374,F0641,Pulses,0.596
B0375,F1286,Pulses,0.926
B0375,F1444,Maize,0.599
B0375,F1741,Millets,0.599
B0375,F1766,Millets,0.598
B0375,F0349,Millets,0.598
B0376,F1429,Pulses,0.866
B0376,F1042,Wheat,0.86
B0376,F0939,Pulses,0.6
B0376,F1149,Maize,0.599
B0376,F0313,Sugarcane,0.599
B0377,F1444,Maize,0.869
B0377,F1703,Barley,0.599
B0377,F0760,Barley,0.598
B0377,F0356,Barley,0.598
B0377,F0946,Barley,0.597
B0378,F1405,Wheat,0.892
B0378,F1561,Maize,0.801
B0378,F1402,Maize,0.65
B0378,F1191,Maize,0.598
B0378,F1045,Pulses,0.598
B0379,F1138,Wheat,0.851
B0379,F0198,Sugarcane,0.728
B0379,F1536,Wheat,0.598
B0379,F1459,Pulses,0.597
B0379,F1823,Sugarcane,0.597
B0380,F1869,Cotton,0.598
B0380,F0132,Cotton,0.597
B0380,F0125,Cotton,0.597
B0380,F1395,Cotton,0.593
B0380,F0586,Barley,0.592
B0381,F1847,Millets,0.848
B0381,F0196,Wheat,0.599
B0381,F0232,Sugarcane,0.598
B0381,F1396,Pulses,0.598
B0381,F1446,Rice,0.598
B0382,F0978,Millets,0.866
B0382,F0611,Cotton,0.6
B0382,F0487,Maize,0.597
B0382,F0178,Maize,0.597
B0382,F1220,Maize,0.597
B0383,F0046,Sugarcane,0.845
B0383,F0453,Pulses,0.783
B0383,F1538,Pulses,0.599
B0383,F1891,Wheat,0.599
B0383,F1521,Pulses,0.599
B0384,F1304,Pulses,0.6
B0384,F0261,Rice,0.6
B0384,F1023,Wheat,0.599
B0384,F1431,Rice,0.598
B0384,F0762,Wheat,0.595
B0385,F1330,Cotton,0.599
B0385,F1968,Millets,0.599
B0385,F0199,Cotton,0.599
B0385,F1047,Maize,0.599
B0385,F0800,Maize,0.598
B0386,F1775,Barley,0.599
B0386,F1818,Barley,0.599
B0386,F1589,Barley,0.598
B0386,F0012,Barley,0.598
B0386,F1685,Barley,0.597
B0387,F1239,Rice,0.599
B0387,F1181,Pulses,0.599
B0387,F0302,Rice,0.599
B0387,F1305,Wheat,0.599
B0387,F0039,Rice,0.599
B0388,F1804,Millets,0.824
B0388,F0923,Rice,0.702
B0388,F1183,Millets,0.598
B0388,F1420,Rice,0.598
B0388,F1316,Sugarcane,0.597
B0389,F0811,Maize,0.859
B0389,F1377,Sugarcane,0.6
B0389,F0368,Wheat,0.6
B0389,F0376,Sugarcane,0.599
B0389,F1721,Pulses,0.599
B0390,F1489,Rice,0.801
B0390,F1080,Rice,0.599
B0390,F0452,Pulses,0.599
B0390,F0238,Pulses,0.598
B0390,F0786,Rice,0.598
B0391,F0469,Cotton,0.599
B0391,F1082,Cotton,0.596
B0391,F0288,Cotton,0.596
B0391,F0951,Maize,0.594
B0391,F0683,Barley,0.593
B0392,F1267,Barley,0.598
B0392,F0496,Barley,0.598
B0392,F1486,Barley,0.597
B0392,F0965,Barley,0.597
B0392,F0638,Barley,0.597
B0393,F1370,Wheat,0.608
B0393,F0003,Cotton,0.6
B0393,F0471,Cotton,0.599
B0393,F0230,Cotton,0.599
B0393,F0654,Cotton,0.598
B0394,F0400,Rice,0.882
B0394,F0696,Sugarcane,0.599
B0394,F1181,Pulses,0.599
B0394,F1239,Rice,0.599
B0394,F0130,Sugarcane,0.599
B0395,F0452,Pulses,0.947
B0395,F1146,Pulses,0.713
B0395,F0422,Wheat,0.599
B0395,F0236,Sugarcane,0.597
B0395,F1613,Millets,0.597
B0396,F1920,Rice,0.835
B0396,F1590,Millets,0.6
B0396,F1823,Sugarcane,0.599
B0396,F1747,Sugarcane,0.598
B0396,F1668,Rice,0.598
B0397,F1811,Wheat,0.786
B0397,F1943,Pulses,0.599
B0397,F0266,Wheat,0.599
B0397,F1906,Wheat,0.599
B0397,F1961,Wheat,0.598
B0398,F0775,Wheat,0.772
B0398,F0535,Maize,0.599
B0398,F1978,Maize,0.599
B0398,F1965,Cotton,0.598
B0398,F0415,Maize,0.597
B0399,F1327,Rice,0.855
B0399,F1271,Wheat,0.853
B0399,F1956,Rice,0.786
B0399,F0192,Maize,0.73
B0399,F0108,Sugarcane,0.599
B0400,F1256,Wheat,0.775
B0400,F1999,Barley,0.711
B0400,F1937,Maize,0.599
B0400,F0945,Cotton,0.598
B0400,F1558,Maize,0.598
B0401,F1710,Pulses,0.6
B0401,F1344,Rice,0.6
B0401,F0349,Millets,0.599
B0401,F1451,Millets,0.599
B0401,F1741,Millets,0.599
B0402,F0738,Cotton,0.832
B0402,F1271,Wheat,0.792
B0402,F1030,Cotton,0.598
B0402,F0063,Cotton,0.598
B0402,F0157,Barley,0.596
B0403,F1927,Cotton,0.6
B0403,F0207,Millets,0.598
B0403,F1478,Millets,0.598
B0403,F0747,Maize,0.597
B0403,F0507,Millets,0.596
B0404,F1530,Sugarcane,0.886
B0404,F1349,Millets,0.599
B0404,F0835,Rice,0.599
B0404,F1022,Rice,0.599
B0404,F0548,Sugarcane,0.598
B0405,F1968,Millets,0.936
B0405,F1522,Rice,0.598
B0405,F1523,Rice,0.597
B0405,F0602,Millets,0.597
B0405,F1316,Sugarcane,0.597
B0406,F0902,Sugarcane,0.6
B0406,F1687,Sugarcane,0.6
B0406,F1293,Sugarcane,0.599
B0406,F1121,Wheat,0.599
B0406,F0826,Sugarcane,0.599
B0407,F1493,Barley,0.6
B0407,F1636,Barley,0.599
B0407,F0505,Barley,0.599
B0407,F0189,Barley,0.598
B0407,F1617,Barley,0.598
B0408,F0076,Wheat,0.599
B0408,F0095,Pulses,0.599
B0408,F1195,Wheat,0.598
B0408,F0364,Wheat,0.598
B0408,F0992,Sugarcane,0.598
B0409,F0334,Maize,0.598
B0409,F1432,Cotton,0.598
B0409,F1979,Maize,0.597
B0409,F1868,Cotton,0.596
B0409,F1028,Maize,0.595
B0410,F1693,Sugarcane,0.844
B0410,F0304,Pulses,0.6
B0410,F0367,Pulses,0.6
B0410,F1237,Rice,0.599
B0410,F1614,Rice,0.599
B0411,F1942,Millets,0.88
B0411,F1205,Cotton,0.6
B0411,F0539,Cotton,0.6
B0411,F1600,Cotton,0.6
B0411,F0553,Cotton,0.599
B0412,F0276,Sugarcane,0.6
B0412,F1845,Pulses,0.599
B0412,F1852,Rice,0.599
B0412,F0562,Maize,0.598
B0412,F1932,Sugarcane,0.598
B0413,F0153,Rice,0.6
B0413,F0217,Sugarcane,0.6
B0413,F0589,Sugarcane,0.599
B0413,F0707,Sugarcane,0.599
B0413,F1212,Sugarcane,0.599
B0414,F1982,Sugarcane,0.771
B0414,F0371,Sugarcane,0.599
B0414,F0613,Sugarcane,0.599
B0414,F0863,Wheat,0.599
B0414,F1254,Wheat,0.599
B0415,F1037,Millets,0.648
B0415,F1030,Cotton,0.599
B0415,F0063,Cotton,0.598
B0415,F1610,Maize,0.597
B0415,F1440,Maize,0.596
B0416,F1909,Wheat,0.875
B0416,F1098,Pulses,0.844
B0416,F1407,Wheat,0.6
B0416,F1393,Millets,0.599
B0416,F0445,Sugarcane,0.599
B0417,F0934,Rice,0.599
B0417,F1355,Wheat,0.599
B0417,F0142,Rice,0.599
B0417,F0461,Wheat,0.598
B0417,F0642,Pulses,0.598
B0418,F1443,Sugarcane,0.897
B0418,F1257,Pulses,0.598
B0418,F0090,Wheat,0.598
B0418,F0253,Sugarcane,0.597
B0418,F1300,Wheat,0.597
B0419,F0444,Millets,0.786
B0419,F1822,Barley,0.745
B0419,F1043,Barley,0.6
B0419,F1343,Barley,0.6
B0419,F0909,Barley,0.598
B0420,F0221,Maize,0.778
B0420,F1892,Pulses,0.775
B0420,F1114,Barley,0.601
B0420,F0072,Wheat,0.599
B0420,F1017,Wheat,0.599
B0421,F0705,Cotton,0.6
B0421,F0385,Cotton,0.6
B0421,F0840,Cotton,0.599
B0421,F0490,Cotton,0.599
B0421,F0752,Cotton,0.599
B0422,F0925,Rice,0.648
B0422,F1330,Cotton,0.598
B0422,F0180,Maize,0.597
B0422,F1968,Millets,0.595
B0422,F0800,Maize,0.594
B0423,F1079,Pulses,0.955
B0423,F1203,Sugarcane,0.896
B0423,F0308,Wheat,0.867
B0423,F1214,Pulses,0.758
B0423,F0969,Pulses,0.6
B0424,F0876,Maize,0.6
B0424,F0559,Millets,0.599
B0424,F1000,Maize,0.598
B0424,F0884,Millets,0.596
B0424,F1646,Maize,0.595
B0425,F0157,Barley,0.598
B0425,F0242,Barley,0.593
B0425,F1030,Cotton,0.593
B0425,F0012,Barley,0.592
B0425,F0063,Cotton,0.591
B0426,F1574,Pulses,0.672
B0426,F1610,Maize,0.6
B0426,F1440,Maize,0.597
B0426,F1030,Cotton,0.597
B0426,F0270,Maize,0.596
B0427,F0177,Maize,0.784
B0427,F1607,Wheat,0.724
B0427,F1914,Pulses,0.599
B0427,F0852,Wheat,0.599
B0427,F1156,Rice,0.598
B0428,F1300,Wheat,0.872
B0428,F0751,Millets,0.836
B0428,F0416,Rice,0.789
B0428,F1521,Pulses,0.6
B0428,F1538,Pulses,0.6
B0429,F0226,Wheat,0.599
B0429,F1421,Rice,0.599
B0429,F0898,Sugarcane,0.599
B0429,F0377,Sugarcane,0.599
B0429,F0074,Wheat,0.598
B0430,F1857,Cotton,0.599
B0430,F0590,Cotton,0.599
B0430,F0738,Cotton,0.599
B0430,F1616,Maize,0.599
B0430,F1737,Cotton,0.598
B0431,F1254,Wheat,0.862
B0431,F1646,Maize,0.821
B0431,F1625,Pulses,0.6
B0431,F0038,Rice,0.599
B0431,F1628,Rice,0.599
B0432,F0698,Wheat,0.928
B0432,F1486,Barley,0.843
B0432,F1596,Millets,0.599
B0432,F0018,Millets,0.599
B0432,F0099,Pulses,0.599
B0433,F1564,Wheat,0.599
B0433,F1939,Wheat,0.599
B0433,F1908,Rice,0.599
B0433,F0082,Sugarcane,0.598
B0433,F1399,Sugarcane,0.598
B0434,F1935,Barley,0.906
B0434,F0866,Rice,0.6
B0434,F1381,Pulses,0.599
B0434,F0389,Rice,0.599
B0434,F1938,Pulses,0.598
B0435,F1499,Maize,0.649
B0435,F0014,Maize,0.6
B0435,F0527,Maize,0.599
B0435,F1152,Cotton,0.598
B0435,F0553,Cotton,0.598
B0436,F0395,Maize,0.599
B0436,F0148,Maize,0.599
B0436,F0374,Millets,0.599
B0436,F1266,Maize,0.599
B0436,F1902,Cotton,0.598
B0437,F0830,Millets,0.599
B0437,F0453,Pulses,0.598
B0437,F1336,Pulses,0.598
B0437,F1731,Pulses,0.598
B0437,F1191,Maize,0.598
B0438,F0310,Pulses,0.921
B0438,F1154,Wheat,0.599
B0438,F1380,Wheat,0.599
B0438,F0076,Wheat,0.598
B0438,F0137,Rice,0.598
B0439,F0307,Sugarcane,0.955
B0439,F1882,Wheat,0.599
B0439,F0233,Sugarcane,0.599
B0439,F1753,Wheat,0.598
B0439,F1562,Sugarcane,0.597
B0440,F0680,Wheat,0.941
B0440,F0079,Barley,0.687
B0440,F1998,Rice,0.6
B0440,F1728,Rice,0.599
B0440,F0822,Sugarcane,0.599
B0441,F0047,Millets,0.818
B0441,F0548,Sugarcane,0.599
B0441,F0865,Sugarcane,0.599
B0441,F0056,Sugarcane,0.599
B0441,F0720,Sugarcane,0.598
B0442,F0062,Barley,0.599
B0442,F0505,Barley,0.599
B0442,F0946,Barley,0.599
B0442,F1493,Barley,0.598
B0442,F0575,Barley,0.597
B0443,F1842,Pulses,0.856
B0443,F0240,Millets,0.599
B0443,F1321,Millets,0.599
B0443,F0119,Millets,0.598
B0443,F1828,Millets,0.598
B0444,F1645,Rice,0.959
B0444,F0959,Wheat,0.88
B0444,F0801,Rice,0.6
B0444,F1883,Rice,0.599
B0444,F0470,Sugarcane,0.599
B0445,F1180,Maize,0.599
B0445,F1667,Millets,0.599
B0445,F0686,Pulses,0.598
B0445,F1178,Millets,0.598
B0445,F0830,Millets,0.597
B0446,F1935,Barley,0.6
B0446,F1430,Barley,0.6
B0446,F1797,Barley,0.6
B0446,F1629,Barley,0.599
B0446,F1058,Barley,0.597
B0447,F0371,Sugarcane,0.599
B0447,F1121,Wheat,0.599
B0447,F0863,Wheat,0.599
B0447,F0613,Sugarcane,0.599
B0447,F1236,Sugarcane,0.599
B0448,F0572,Maize,0.6
B0448,F1135,Maize,0.6
B0448,F0222,Maize,0.6
B0448,F0837,Maize,0.599
B0448,F1454,Maize,0.599
B0449,F0831,Cotton,0.599
B0449,F1635,Cotton,0.599
B0449,F0767,Cotton,0.598
B0449,F0886,Cotton,0.598
B0449,F1306,Barley,0.597
B0450,F0498,Sugarcane,0.962
B0450,F0512,Wheat,0.866
B0450,F1156,Rice,0.6
B0450,F0158,Wheat,0.599
B0450,F0852,Wheat,0.598
B0451,F1389,Barley,0.6
B0451,F0201,Barley,0.599
B0451,F1889,Barley,0.598
B0451,F0960,Barley,0.595
B0451,F1092,Barley,0.59
B0452,F0426,Cotton,0.617
B0452,F0719,Millets,0.599
B0452,F1665,Maize,0.596
B0452,F1426,Pulses,0.593
B0452,F1550,Millets,0.593
B0453,F1315,Pulses,0.949
B0453,F1366,Pulses,0.902
B0453,F1307,Millets,0.6
B0453,F0854,Maize,0.599
B0453,F0041,Maize,0.599
B0454,F0194,Barley,0.76
B0454,F0390,Rice,0.598
B0454,F1126,Millets,0.597
B0454,F1728,Rice,0.597
B0454,F0673,Pulses,0.596
B0455,F1927,Cotton,0.818
B0455,F0406,Sugarcane,0.793
B0455,F1011,Cotton,0.704
B0455,F1487,Barley,0.599
B0455,F0569,Barley,0.598
B0456,F1681,Sugarcane,0.6
B0456,F0561,Sugarcane,0.6
B0456,F0660,Wheat,0.6
B0456,F1850,Wheat,0.598
B0456,F0078,Sugarcane,0.598
B0457,F1708,Pulses,0.865
B0457,F1236,Sugarcane,0.806
B0457,F0418,Wheat,0.598
B0457,F0353,Rice,0.598
B0457,F1280,Sugarcane,0.598
B0458,F1295,Sugarcane,0.812
B0458,F1091,Sugarcane,0.599
B0458,F0128,Rice,0.599
B0458,F0774,Sugarcane,0.599
B0458,F1226,Pulses,0.597
B0459,F0671,Rice,0.879
B0459,F1522,Rice,0.599
B0459,F0977,Millets,0.598
B0459,F0348,Sugarcane,0.597
B0459,F0355,Millets,0.597
B0460,F0315,Maize,0.774
B0460,F1449,Pulses,0.6
B0460,F1312,Wheat,0.6
B0460,F0327,Maize,0.599
B0460,F1437,Pulses,0.599
B0461,F0906,Wheat,0.599
B0461,F1294,Rice,0.598
B0461,F0037,Sugarcane,0.598
B0461,F0584,Wheat,0.597
B0461,F0847,Wheat,0.596
B0462,F0562,Maize,0.597
B0462,F0035,Pulses,0.596
B0462,F0262,Pulses,0.596
B0462,F0783,Millets,0.596
B0462,F1367,Maize,0.595
B0463,F1193,Cotton,0.916
B0463,F0047,Millets,0.599
B0463,F0414,Rice,0.599
B0463,F0643,Millets,0.598
B0463,F0820,Rice,0.598
B0464,F1750,Barley,0.815
B0464,F0767,Cotton,0.6
B0464,F1119,Cotton,0.597
B0464,F0946,Barley,0.597
B0464,F0062,Barley,0.596
B0465,F1523,Rice,0.599
B0465,F1388,Sugarcane,0.596
B0465,F1310,Sugarcane,0.596
B0465,F1387,Rice,0.596
B0465,F1420,Rice,0.596
B0466,F1305,Wheat,0.608
B0466,F1432,Cotton,0.601
B0466,F0570,Barley,0.6
B0466,F0960,Barley,0.599
B0466,F1278,Barley,0.599
B0467,F1327,Rice,0.599
B0467,F0074,Wheat,0.597
B0467,F0898,Sugarcane,0.597
B0467,F0071,Wheat,0.597
B0467,F1734,Sugarcane,0.597
B0468,F1208,Pulses,0.599
B0468,F1420,Rice,0.598
B0468,F1523,Rice,0.598
B0468,F1368,Pulses,0.598
B0468,F1183,Millets,0.597
B0469,F1895,Rice,0.866
B0469,F1205,Cotton,0.599
B0469,F0553,Cotton,0.599
B0469,F0539,Cotton,0.599
B0469,F1062,Cotton,0.599
B0470,F1772,Maize,0.871
B0470,F1955,Maize,0.6
B0470,F1718,Maize,0.6
B0470,F1079,Pulses,0.599
B0470,F1155,Millets,0.598
B0471,F1252,Pulses,0.809
B0471,F1902,Cotton,0.599
B0471,F1580,Maize,0.599
B0471,F0857,Maize,0.599
B0471,F0374,Millets,0.599
B0472,F1782,Millets,0.598
B0472,F0933,Rice,0.598
B0472,F0631,Rice,0.598
B0472,F1429,Pulses,0.598
B0472,F1455,Rice,0.597
B0473,F0264,Rice,0.876
B0473,F1373,Millets,0.769
B0473,F0047,Millets,0.599
B0473,F0414,Rice,0.599
B0473,F0643,Millets,0.598
B0474,F0485,Cotton,0.599
B0474,F0036,Cotton,0.591
B0474,F0322,Cotton,0.591
B0474,F1665,Maize,0.591
B0474,F1117,Barley,0.59
B0475,F1202,Wheat,0.804
B0475,F1130,Wheat,0.768
B0475,F0117,Rice,0.646
B0475,F1438,Cotton,0.6
B0475,F1803,Maize,0.599
B0476,F1257,Pulses,0.598
B0476,F1300,Wheat,0.598
B0476,F0137,Rice,0.597
B0476,F1154,Wheat,0.597
B0476,F1539,Pulses,0.597
B0477,F0063,Cotton,0.6
B0477,F1440,Maize,0.597
B0477,F1030,Cotton,0.597
B0477,F1610,Maize,0.595
B0477,F0288,Cotton,0.595
B0478,F0516,Maize,0.799
B0478,F0348,Sugarcane,0.599
B0478,F1522,Rice,0.598
B0478,F0551,Rice,0.598
B0478,F1555,Sugarcane,0.597
B0479,F0532,Millets,0.848
B0479,F1410,Wheat,0.6
B0479,F1684,Rice,0.6
B0479,F1072,Wheat,0.599
B0479,F0636,Wheat,0.599
B0480,F0639,Wheat,0.687
B0480,F1931,Millets,0.599
B0480,F0412,Millets,0.599
B0480,F1752,Millets,0.596
B0480,F1638,Cotton,0.596
B0481,F1260,Maize,0.707
B0481,F0535,Maize,0.599
B0481,F1978,Maize,0.598
B0481,F1524,Cotton,0.598
B0481,F1965,Cotton,0.597
B0482,F1586,Wheat,0.83
B0482,F0039,Rice,0.6
B0482,F1305,Wheat,0.599
B0482,F1779,Millets,0.598
B0482,F0066,Wheat,0.598
B0483,F0541,Barley,0.599
B0483,F0319,Barley,0.598
B0483,F0168,Barley,0.597
B0483,F0366,Barley,0.596
B0483,F1134,Barley,0.596
B0484,F1452,Cotton,0.955
B0484,F0644,Rice,0.906
B0484,F0936,Rice,0.823
B0484,F0413,Pulses,0.735
B0484,F1513,Cotton,0.596
B0485,F0807,Millets,0.6
B0485,F0283,Pulses,0.598
B0485,F0176,Pulses,0.597
B0485,F1936,Millets,0.595
B0485,F1903,Rice,0.595
B0486,F1684,Rice,0.79
B0486,F0867,Cotton,0.6
B0486,F0590,Cotton,0.598
B0486,F0003,Cotton,0.598
B0486,F0230,Cotton,0.598
B0487,F1251,Barley,0.6
B0487,F1654,Barley,0.599
B0487,F1245,Barley,0.599
B0487,F0563,Barley,0.598
B0487,F1343,Barley,0.594
B0488,F1901,Sugarcane,0.599
B0488,F0323,Sugarcane,0.599
B0488,F1295,Sugarcane,0.598
B0488,F1489,Rice,0.598
B0488,F1146,Pulses,0.598
B0489,F0895,Sugarcane,0.6
B0489,F1281,Wheat,0.6
B0489,F1743,Wheat,0.599
B0489,F1554,Sugarcane,0.599
B0489,F0137,Rice,0.599
B0490,F1037,Millets,0.94
B0490,F0233,Sugarcane,0.6
B0490,F1882,Wheat,0.598
B0490,F1184,Sugarcane,0.596
B0490,F1085,Pulses,0.596
B0491,F1609,Pulses,0.655
B0491,F0967,Cotton,0.599
B0491,F1990,Cotton,0.599
B0491,F0656,Cotton,0.598
B0491,F1552,Cotton,0.597
B0492,F0468,Rice,0.695
B0492,F1653,Wheat,0.6
B0492,F1650,Wheat,0.599
B0492,F1168,Pulses,0.599
B0492,F0941,Sugarcane,0.598
B0493,F0780,Maize,0.661
B0493,F0254,Cotton,0.598
B0493,F0132,Cotton,0.594
B0493,F0201,Barley,0.594
B0493,F1889,Barley,0.594
B0494,F1468,Pulses,0.786
B0494,F1212,Sugarcane,0.599
B0494,F1987,Wheat,0.599
B0494,F0156,Wheat,0.599
B0494,F0010,Wheat,0.599
B0495,F0103,Wheat,0.706
B0495,F1775,Barley,0.6
B0495,F0012,Barley,0.599
B0495,F1818,Barley,0.599
B0495,F1685,Barley,0.599
B0496,F1968,Millets,0.599
B0496,F1330,Cotton,0.599
B0496,F0800,Maize,0.599
B0496,F0180,Maize,0.599
B0496,F0336,Millets,0.597
B0497,F0796,Barley,0.597
B0497,F1264,Barley,0.595
B0497,F1602,Barley,0.594
B0497,F1116,Barley,0.594
B0497,F1977,Barley,0.593
B0498,F1308,Millets,0.598
B0498,F0830,Millets,0.598
B0498,F0329,Millets,0.598
B0498,F0608,Millets,0.598
B0498,F1180,Maize,0.596
B0499,F0299,Cotton,0.88
B0499,F0286,Maize,0.599
B0499,F0527,Maize,0.598
B0499,F0014,Maize,0.597
B0499,F1170,Maize,0.597
B0500,F1713,Cotton,0.599
B0500,F0729,Cotton,0.599
B0500,F1832,Cotton,0.598
B0500,F0216,Cotton,0.596
B0500,F1643,Cotton,0.595
B0501,F0522,Barley,0.68
B0501,F0036,Cotton,0.597
B0501,F0322,Cotton,0.597
B0501,F1965,Cotton,0.594
B0501,F1973,Maize,0.593
B0502,F0561,Sugarcane,0.599
B0502,F1681,Sugarcane,0.599
B0502,F1720,Rice,0.599
B0502,F0660,Wheat,0.598
B0502,F1850,Wheat,0.598
B0503,F0760,Barley,0.599
B0503,F1306,Barley,0.599
B0503,F1542,Barley,0.599
B0503,F1703,Barley,0.599
B0503,F0079,Barley,0.599
B0504,F1385,Rice,0.86
B0504,F0025,Sugarcane,0.6
B0504,F1048,Rice,0.6
B0504,F1211,Rice,0.599
B0504,F0713,Rice,0.599
B0505,F1628,Rice,0.6
B0505,F1259,Millets,0.599
B0505,F0118,Pulses,0.599
B0505,F1625,Pulses,0.599
B0505,F1645,Rice,0.598
B0506,F1785,Maize,0.746
B0506,F1926,Cotton,0.6
B0506,F0031,Cotton,0.598
B0506,F0186,Cotton,0.598
B0506,F1656,Maize,0.597
B0507,F0773,Rice,0.753
B0507,F0056,Sugarcane,0.6
B0507,F1249,Wheat,0.6
B0507,F0720,Sugarcane,0.599
B0507,F0413,Pulses,0.599
B0508,F0490,Cotton,0.834
B0508,F1800,Rice,0.79
B0508,F0778,Millets,0.778
B0508,F0647,Cotton,0.763
B0508,F1019,Millets,0.599
B0509,F1437,Pulses,0.784
B0509,F1610,Maize,0.599
B0509,F0270,Maize,0.599
B0509,F0537,Millets,0.597
B0509,F1030,Cotton,0.597
B0510,F1400,Cotton,0.599
B0510,F0401,Millets,0.599
B0510,F1189,Maize,0.598
B0510,F0715,Millets,0.598
B0510,F0716,Millets,0.598
B0511,F0712,Wheat,0.737
B0511,F1337,Maize,0.696
B0511,F0168,Barley,0.599
B0511,F0161,Barley,0.599
B0511,F0319,Barley,0.599
B0512,F1782,Millets,0.599
B0512,F0618,Millets,0.597
B0512,F1623,Pulses,0.597
B0512,F1230,Maize,0.597
B0512,F1290,Rice,0.597
B0513,F0988,Sugarcane,0.731
B0513,F0496,Barley,0.599
B0513,F1267,Barley,0.597
B0513,F0787,Barley,0.597
B0513,F0726,Cotton,0.596
B0514,F0396,Sugarcane,0.6
B0514,F0534,Rice,0.599
B0514,F0940,Wheat,0.599
B0514,F0634,Rice,0.598
B0514,F0127,Wheat,0.598
B0515,F1079,Pulses,0.883
B0515,F0230,Cotton,0.668
B0515,F1943,Pulses,0.598
B0515,F0074,Wheat,0.598
B0515,F1916,Wheat,0.598
B0516,F1166,Wheat,0.853
B0516,F1104,Rice,0.772
B0516,F0301,Rice,0.772
B0516,F0344,Wheat,0.738
B0516,F0306,Cotton,0.655
B0517,F0234,Sugarcane,0.599
B0517,F0803,Rice,0.599
B0517,F0935,Millets,0.599
B0517,F0278,Pulses,0.598
B0517,F0887,Rice,0.598
B0518,F1093,Millets,0.823
B0518,F1798,Wheat,0.804
B0518,F1340,Pulses,0.739
B0518,F0330,Millets,0.739
B0518,F0777,Rice,0.6
B0519,F1446,Rice,0.823
B0519,F0854,Maize,0.73
B0519,F1160,Sugarcane,0.599
B0519,F0281,Sugarcane,0.598
B0519,F0351,Sugarcane,0.597
B0520,F0425,Millets,0.599
B0520,F0920,Millets,0.599
B0520,F1660,Millets,0.599
B0520,F1334,Millets,0.598
B0520,F1989,Maize,0.598
B0521,F1117,Barley,0.598
B0521,F0449,Barley,0.596
B0521,F0524,Barley,0.594
B0521,F1427,Barley,0.592
B0521,F0586,Barley,0.591
B0522,F1394,Pulses,0.819
B0522,F0258,Pulses,0.738
B0522,F0205,Sugarcane,0.599
B0522,F1281,Wheat,0.599
B0522,F1554,Sugarcane,0.599
B0523,F0683,Barley,0.6
B0523,F1813,Barley,0.599
B0523,F1043,Barley,0.597
B0523,F0356,Barley,0.595
B0523,F1343,Barley,0.594
B0524,F0868,Pulses,0.597
B0524,F0807,Millets,0.595
B0524,F0977,Millets,0.592
B0524,F0412,Millets,0.591
B0524,F0176,Pulses,0.59
B0525,F0794,Sugarcane,0.907
B0525,F0698,Wheat,0.766
B0525,F0323,Sugarcane,0.599
B0525,F1489,Rice,0.598
B0525,F1359,Sugarcane,0.598
B0526,F1707,Maize,0.599
B0526,F0905,Maize,0.599
B0526,F1504,Maize,0.599
B0526,F1464,Maize,0.599
B0526,F1010,Millets,0.598
B0527,F0455,Cotton,0.689
B0527,F1443,Sugarcane,0.6
B0527,F0006,Millets,0.599
B0527,F0380,Rice,0.599
B0527,F0094,Pulses,0.599
B0528,F0032,Rice,0.802
B0528,F0230,Cotton,0.6
B0528,F0003,Cotton,0.599
B0528,F0471,Cotton,0.599
B0528,F0572,Maize,0.597
B0529,F1134,Barley,0.6
B0529,F0319,Barley,0.599
B0529,F0899,Barley,0.599
B0529,F0009,Barley,0.598
B0529,F0366,Barley,0.598
B0530,F0404,Rice,0.893
B0530,F1669,Barley,0.771
B0530,F1312,Wheat,0.599
B0530,F1607,Wheat,0.599
B0530,F0699,Wheat,0.599
B0531,F1713,Cotton,0.598
B0531,F0729,Cotton,0.597
B0531,F1462,Cotton,0.597
B0531,F0083,Cotton,0.595
B0531,F1832,Cotton,0.595
B0532,F1191,Maize,0.6
B0532,F1342,Millets,0.599
B0532,F0393,Millets,0.598
B0532,F1596,Millets,0.597
B0532,F1308,Millets,0.596
B0533,F0082,Sugarcane,0.724
B0533,F0719,Millets,0.688
B0533,F1101,Maize,0.598
B0533,F0487,Maize,0.597
B0533,F0516,Maize,0.596
B0534,F1487,Barley,0.926
B0534,F1964,Wheat,0.799
B0534,F1301,Barley,0.6
B0534,F1360,Barley,0.596
B0534,F0569,Barley,0.595
B0535,F1016,Pulses,0.599
B0535,F1122,Maize,0.598
B0535,F0703,Rice,0.597
B0535,F0532,Millets,0.596
B0535,F0702,Millets,0.595
B0536,F0553,Cotton,0.923
B0536,F1159,Sugarcane,0.619
B0536,F1822,Barley,0.599
B0536,F0496,Barley,0.597
B0536,F0726,Cotton,0.595
B0537,F1513,Cotton,0.771
B0537,F1758,Rice,0.6
B0537,F1138,Wheat,0.6
B0537,F0488,Sugarcane,0.599
B0537,F0808,Rice,0.599
B0538,F1066,Maize,0.597
B0538,F1573,Pulses,0.596
B0538,F1191,Maize,0.595
B0538,F1346,Maize,0.595
B0538,F1915,Millets,0.594
B0539,F1413,Cotton,0.599
B0539,F1544,Cotton,0.599
B0539,F0776,Cotton,0.596
B0539,F0739,Cotton,0.596
B0539,F1173,Maize,0.596
B0540,F1967,Rice,0.745
B0540,F0566,Wheat,0.597
B0540,F1659,Rice,0.597
B0540,F1140,Rice,0.596
B0540,F1450,Sugarcane,0.594
B0541,F0049,Pulses,0.6
B0541,F0903,Pulses,0.6
B0541,F0820,Rice,0.599
B0541,F0240,Millets,0.598
B0541,F0118,Pulses,0.598
B0542,F0847,Wheat,0.903
B0542,F1153,Sugarcane,0.865
B0542,F1547,Millets,0.788
B0542,F0186,Cotton,0.647
B0542,F0090,Wheat,0.599
B0543,F1889,Barley,0.854
B0543,F0598,Barley,0.705
B0543,F0944,Cotton,0.624
B0543,F0132,Cotton,0.593
B0543,F1950,Barley,0.592
B0544,F0223,Pulses,0.599
B0544,F1633,Millets,0.598
B0544,F0592,Millets,0.598
B0544,F0184,Maize,0.597
B0544,F0024,Millets,0.597
B0545,F0071,Wheat,0.599
B0545,F1073,Wheat,0.599
B0545,F0775,Wheat,0.599
B0545,F0753,Wheat,0.598
B0545,F0090,Wheat,0.597
B0546,F0359,Rice,0.949
B0546,F1728,Rice,0.6
B0546,F1998,Rice,0.599
B0546,F1126,Millets,0.599
B0546,F1790,Pulses,0.598
B0547,F0005,Maize,0.598
B0547,F1550,Millets,0.597
B0547,F0702,Millets,0.596
B0547,F0532,Millets,0.594
B0547,F1395,Cotton,0.593
B0548,F1602,Barley,0.879
B0548,F1062,Cotton,0.6
B0548,F1070,Cotton,0.6
B0548,F0539,Cotton,0.599
B0548,F0553,Cotton,0.599
B0549,F0770,Rice,0.921
B0549,F1619,Pulses,0.599
B0549,F1618,Rice,0.598
B0549,F0429,Rice,0.598
B0549,F1055,Rice,0.598
B0550,F1720,Rice,0.6
B0550,F0078,Sugarcane,0.599
B0550,F1414,Millets,0.599
B0550,F0010,Wheat,0.599
B0550,F1987,Wheat,0.599
B0551,F1803,Maize,0.598
B0551,F0487,Maize,0.598
B0551,F0611,Cotton,0.598
B0551,F1567,Cotton,0.598
B0551,F0967,Cotton,0.598
B0552,F1864,Pulses,0.773
B0552,F0484,Pulses,0.599
B0552,F1161,Millets,0.599
B0552,F1113,Millets,0.599
B0552,F1756,Millets,0.599
B0553,F1874,Pulses,0.599
B0553,F0887,Rice,0.599
B0553,F1215,Wheat,0.598
B0553,F0803,Rice,0.598
B0553,F0453,Pulses,0.598
B0554,F0726,Cotton,0.6
B0554,F0901,Cotton,0.599
B0554,F1049,Cotton,0.599
B0554,F0100,Cotton,0.598
B0554,F0913,Cotton,0.598
B0555,F0991,Wheat,0.792
B0555,F1022,Rice,0.599
B0555,F1052,Rice,0.599
B0555,F0082,Sugarcane,0.599
B0555,F0548,Sugarcane,0.599
B0556,F1222,Wheat,0.6
B0556,F1734,Sugarcane,0.6
B0556,F0542,Wheat,0.599
B0556,F1538,Pulses,0.598
B0556,F1327,Rice,0.598
B0557,F1322,Maize,0.737
B0557,F1619,Pulses,0.599
B0557,F1736,Millets,0.598
B0557,F1612,Pulses,0.598
B0557,F1105,Pulses,0.598
B0558,F0750,Wheat,0.6
B0558,F0358,Millets,0.6
B0558,F1787,Sugarcane,0.6
B0558,F1604,Rice,0.599
B0558,F1099,Pulses,0.599
B0559,F0820,Rice,0.599
B0559,F0903,Pulses,0.599
B0559,F1055,Rice,0.599
B0559,F0671,Rice,0.599
B0559,F0890,Rice,0.599
B0560,F1641,Sugarcane,0.599
B0560,F1980,Wheat,0.599
B0560,F0463,Pulses,0.599
B0560,F1624,Sugarcane,0.598
B0560,F0160,Sugarcane,0.598
B0561,F1394,Pulses,0.954
B0561,F1939,Wheat,0.892
B0561,F0790,Barley,0.75
B0561,F0493,Rice,0.6
B0561,F1780,Millets,0.599
B0562,F1445,Maize,0.941
B0562,F1336,Pulses,0.937
B0562,F0612,Wheat,0.599
B0562,F1742,Wheat,0.599
B0562,F0478,Millets,0.599
B0563,F0818,Maize,0.675
B0563,F1122,Maize,0.6
B0563,F0703,Rice,0.598
B0563,F1709,Millets,0.597
B0563,F1016,Pulses,0.596
B0564,F1372,Maize,0.6
B0564,F0734,Millets,0.599
B0564,F0386,Millets,0.598
B0564,F1806,Maize,0.598
B0564,F1770,Cotton,0.597
B0565,F0357,Wheat,0.803
B0565,F1716,Millets,0.6
B0565,F0144,Millets,0.599
B0565,F1795,Millets,0.599
B0565,F0658,Maize,0.599
B0566,F0242,Barley,0.599
B0566,F0711,Barley,0.596
B0566,F0538,Barley,0.595
B0566,F0112,Barley,0.595
B0566,F0503,Cotton,0.594
B0567,F0626,Wheat,0.886
B0567,F1062,Cotton,0.879
B0567,F0828,Wheat,0.862
B0567,F1811,Wheat,0.855
B0567,F1244,Barley,0.62
B0568,F1290,Rice,0.599
B0568,F1362,Pulses,0.598
B0568,F0631,Rice,0.598
B0568,F1466,Pulses,0.598
B0568,F1385,Rice,0.597
B0569,F0356,Barley,0.599
B0569,F0619,Barley,0.598
B0569,F1398,Barley,0.598
B0569,F1703,Barley,0.598
B0569,F1114,Barley,0.597
B0570,F1860,Rice,0.911
B0570,F0219,Millets,0.6
B0570,F0854,Maize,0.6
B0570,F1307,Millets,0.599
B0570,F1984,Maize,0.598
B0571,F0092,Sugarcane,0.599
B0571,F1283,Rice,0.599
B0571,F0225,Wheat,0.599
B0571,F0936,Rice,0.599
B0571,F0958,Rice,0.598
B0572,F0339,Sugarcane,0.6
B0572,F0833,Maize,0.6
B0572,F1663,Sugarcane,0.6
B0572,F0890,Rice,0.599
B0572,F0645,Millets,0.599
B0573,F1902,Cotton,0.8
B0573,F0841,Barley,0.6
B0573,F0346,Barley,0.6
B0573,F0550,Barley,0.599
B0573,F1224,Barley,0.598
B0574,F1231,Barley,0.653
B0574,F0376,Sugarcane,0.6
B0574,F0864,Wheat,0.6
B0574,F1415,Wheat,0.599
B0574,F1386,Sugarcane,0.599
B0575,F0426,Cotton,0.942
B0575,F1773,Rice,0.826
B0575,F0643,Millets,0.6
B0575,F0246,Pulses,0.6
B0575,F0519,Millets,0.599
B0576,F0621,Sugarcane,0.6
B0576,F1312,Wheat,0.6
B0576,F1875,Wheat,0.6
B0576,F0737,Sugarcane,0.599
B0576,F1332,Pulses,0.599
B0577,F1794,Barley,0.907
B0577,F0658,Maize,0.599
B0577,F0649,Millets,0.599
B0577,F1834,Maize,0.598
B0577,F1716,Millets,0.598
B0578,F1018,Maize,0.6
B0578,F0911,Maize,0.599
B0578,F1919,Maize,0.598
B0578,F1260,Maize,0.598
B0578,F0656,Cotton,0.597
B0579,F0122,Cotton,0.866
B0579,F0482,Pulses,0.6
B0579,F0175,Millets,0.599
B0579,F0099,Pulses,0.599
B0579,F0443,Rice,0.599
B0580,F0412,Millets,0.8
B0580,F0014,Maize,0.599
B0580,F0527,Maize,0.599
B0580,F1656,Maize,0.598
B0580,F1311,Maize,0.598
B0581,F1497,Millets,0.923
B0581,F1580,Maize,0.598
B0581,F1266,Maize,0.598
B0581,F1471,Cotton,0.597
B0581,F1664,Maize,0.597
B0582,F1926,Cotton,0.937
B0582,F1909,Wheat,0.673
B0582,F1070,Cotton,0.6
B0582,F1062,Cotton,0.6
B0582,F0553,Cotton,0.599
B0583,F0737,Sugarcane,0.6
B0583,F0088,Rice,0.599
B0583,F0621,Sugarcane,0.599
B0583,F1130,Wheat,0.598
B0583,F1036,Wheat,0.598
B0584,F0021,Pulses,0.824
B0584,F0372,Millets,0.599
B0584,F0696,Sugarcane,0.598
B0584,F0977,Millets,0.597
B0584,F0868,Pulses,0.597
B0585,F1368,Pulses,0.599
B0585,F1947,Rice,0.599
B0585,F1045,Pulses,0.599
B0585,F1420,Rice,0.598
B0585,F1183,Millets,0.598
B0586,F0167,Millets,0.902
B0586,F1664,Maize,0.838
B0586,F0254,Cotton,0.599
B0586,F1395,Cotton,0.599
B0586,F0132,Cotton,0.597
B0587,F0008,Cotton,0.879
B0587,F0158,Wheat,0.764
B0587,F1044,Rice,0.6
B0587,F1366,Pulses,0.599
B0587,F0073,Rice,0.599
B0588,F0966,Rice,0.799
B0588,F0063,Cotton,0.597
B0588,F0288,Cotton,0.596
B0588,F0495,Cotton,0.596
B0588,F1813,Barley,0.595
B0589,F1119,Cotton,0.853
B0589,F1296,Wheat,0.775
B0589,F0665,Rice,0.6
B0589,F0179,Rice,0.599
B0589,F0679,Wheat,0.599
B0590,F0545,Rice,0.599
B0590,F1411,Sugarcane,0.599
B0590,F1903,Rice,0.599
B0590,F1604,Rice,0.599
B0590,F0450,Pulses,0.598
B0591,F1227,Barley,0.826
B0591,F0298,Barley,0.6
B0591,F0370,Barley,0.6
B0591,F1512,Barley,0.6
B0591,F0350,Barley,0.599
B0592,F1726,Pulses,0.856
B0592,F0202,Millets,0.6
B0592,F1661,Maize,0.599
B0592,F0543,Maize,0.599
B0592,F0812,Maize,0.599
B0593,F0768,Millets,0.902
B0593,F0611,Cotton,0.599
B0593,F0286,Maize,0.598
B0593,F0178,Maize,0.598
B0593,F1170,Maize,0.596
B0594,F0868,Pulses,0.598
B0594,F0977,Millets,0.597
B0594,F1178,Millets,0.592
B0594,F0415,Maize,0.592
B0594,F0084,Millets,0.591
B0595,F1178,Millets,0.598
B0595,F1667,Millets,0.597
B0595,F0977,Millets,0.597
B0595,F0897,Pulses,0.596
B0595,F0868,Pulses,0.595
B0596,F0780,Maize,0.783
B0596,F0999,Millets,0.756
B0596,F0630,Barley,0.599
B0596,F1813,Barley,0.598
B0596,F0683,Barley,0.592
B0597,F1639,Rice,0.929
B0597,F0080,Sugarcane,0.599
B0597,F0297,Pulses,0.599
B0597,F1901,Sugarcane,0.599
B0597,F1680,Wheat,0.599
B0598,F0913,Cotton,0.751
B0598,F1862,Pulses,0.6
B0598,F1423,Maize,0.6
B0598,F1514,Rice,0.599
B0598,F0724,Rice,0.599
B0599,F0443,Rice,0.813
B0599,F0573,Rice,0.598
B0599,F0581,Pulses,0.598
B0599,F1158,Rice,0.598
B0599,F0815,Sugarcane,0.597
B0600,F0556,Millets,0.6
B0600,F0167,Millets,0.6
B0600,F1673,Millets,0.6
B0600,F0258,Pulses,0.6
B0600,F0715,Millets,0.599
B0601,F0751,Millets,0.836
B0601,F0544,Wheat,0.6
B0601,F0614,Wheat,0.599
B0601,F0185,Rice,0.598
B0601,F1391,Wheat,0.598
B0602,F0084,Millets,0.6
B0602,F0355,Millets,0.597
B0602,F1426,Pulses,0.595
B0602,F1522,Rice,0.594
B0602,F0581,Pulses,0.593
B0603,F0456,Maize,0.599
B0603,F1789,Cotton,0.599
B0603,F1894,Maize,0.599
B0603,F1274,Maize,0.597
B0603,F1973,Maize,0.596
B0604,F0387,Maize,0.934
B0604,F0958,Rice,0.599
B0604,F1283,Rice,0.599
B0604,F1133,Pulses,0.599
B0604,F0293,Rice,0.599
B0605,F0576,Pulses,0.847
B0605,F1906,Wheat,0.599
B0605,F0344,Wheat,0.599
B0605,F0266,Wheat,0.599
B0605,F1961,Wheat,0.599
B0606,F1216,Rice,0.911
B0606,F0259,Millets,0.599
B0606,F1495,Pulses,0.599
B0606,F1628,Rice,0.599
B0606,F0438,Millets,0.598
B0607,F1731,Pulses,0.787
B0607,F1092,Barley,0.599
B0607,F1889,Barley,0.599
B0607,F0201,Barley,0.598
B0607,F1389,Barley,0.597
B0608,F1620,Cotton,0.885
B0608,F1290,Rice,0.599
B0608,F1362,Pulses,0.598
B0608,F1466,Pulses,0.598
B0608,F1385,Rice,0.598
B0609,F0909,Barley,0.829
B0609,F1649,Rice,0.802
B0609,F1701,Cotton,0.6
B0609,F1376,Cotton,0.599
B0609,F0894,Cotton,0.599
B0610,F1954,Sugarcane,0.849
B0610,F1959,Cotton,0.776
B0610,F0461,Wheat,0.599
B0610,F0205,Sugarcane,0.599
B0610,F0232,Sugarcane,0.599
B0611,F0267,Sugarcane,0.599
B0611,F1994,Rice,0.599
B0611,F0582,Rice,0.599
B0611,F1103,Sugarcane,0.598
B0611,F1874,Pulses,0.598
B0612,F1387,Rice,0.807
B0612,F0183,Pulses,0.598
B0612,F1214,Pulses,0.598
B0612,F1340,Pulses,0.597
B0612,F0884,Millets,0.597
B0613,F0862,Rice,0.6
B0613,F0333,Sugarcane,0.6
B0613,F1277,Rice,0.598
B0613,F1784,Pulses,0.598
B0613,F1004,Rice,0.598
B0614,F1345,Barley,0.687
B0614,F1243,Barley,0.6
B0614,F1306,Barley,0.6
B0614,F1541,Barley,0.599
B0614,F0965,Barley,0.599
B0615,F1742,Wheat,0.859
B0615,F0409,Sugarcane,0.597
B0615,F1469,Sugarcane,0.596
B0615,F1186,Sugarcane,0.596
B0615,F1139,Sugarcane,0.596
B0616,F0548,Sugarcane,0.6
B0616,F0755,Wheat,0.599
B0616,F1022,Rice,0.598
B0616,F0712,Wheat,0.598
B0616,F0595,Sugarcane,0.598
B0617,F1808,Cotton,0.848
B0617,F0391,Maize,0.835
B0617,F0657,Barley,0.599
B0617,F0598,Barley,0.599
B0617,F1505,Barley,0.599
B0618,F1411,Sugarcane,0.933
B0618,F0679,Wheat,0.927
B0618,F0489,Rice,0.599
B0618,F0123,Wheat,0.599
B0618,F0130,Sugarcane,0.599
B0619,F0421,Wheat,0.6
B0619,F0685,Rice,0.599
B0619,F0185,Rice,0.597
B0619,F0531,Rice,0.596
B0619,F0026,Pulses,0.596
B0620,F1751,Sugarcane,0.597
B0620,F1218,Wheat,0.595
B0620,F1529,Pulses,0.593
B0620,F0252,Rice,0.593
B0620,F0528,Wheat,0.593
B0621,F0024,Millets,0.599
B0621,F0223,Pulses,0.599
B0621,F1633,Millets,0.599
B0621,F0184,Maize,0.599
B0621,F0592,Millets,0.598
B0622,F1610,Maize,0.597
B0622,F0495,Cotton,0.597
B0622,F0200,Maize,0.595
B0622,F1440,Maize,0.594
B0622,F0288,Cotton,0.594
B0623,F1766,Millets,0.639
B0623,F1389,Barley,0.6
B0623,F0201,Barley,0.6
B0623,F1889,Barley,0.6
B0623,F1092,Barley,0.594
B0624,F1749,Barley,0.704
B0624,F0776,Cotton,0.703
B0624,F0233,Sugarcane,0.599
B0624,F0677,Sugarcane,0.598
B0624,F0861,Sugarcane,0.598
B0625,F0367,Pulses,0.714
B0625,F0270,Maize,0.599
B0625,F1030,Cotton,0.598
B0625,F1610,Maize,0.598
B0625,F0537,Millets,0.595
B0626,F1546,Sugarcane,0.892
B0626,F0689,Barley,0.752
B0626,F1697,Rice,0.6
B0626,F1037,Millets,0.599
B0626,F1416,Sugarcane,0.599
B0627,F1325,Cotton,0.917
B0627,F1910,Cotton,0.857
B0627,F1770,Cotton,0.599
B0627,F1736,Millets,0.598
B0627,F1638,Cotton,0.597
B0628,F0211,Barley,0.748
B0628,F1599,Millets,0.6
B0628,F0491,Millets,0.599
B0628,F0779,Millets,0.599
B0628,F1331,Pulses,0.598
B0629,F0946,Barley,0.599
B0629,F1703,Barley,0.599
B0629,F0760,Barley,0.599
B0629,F0062,Barley,0.598
B0629,F1306,Barley,0.598
B0630,F1714,Cotton,0.88
B0630,F0019,Millets,0.599
B0630,F0113,Millets,0.599
B0630,F1265,Pulses,0.599
B0630,F1059,Pulses,0.598
B0631,F1475,Millets,0.6
B0631,F0504,Millets,0.6
B0631,F1942,Millets,0.599
B0631,F1899,Millets,0.599
B0631,F1767,Pulses,0.598
B0632,F0348,Sugarcane,0.599
B0632,F1555,Sugarcane,0.599
B0632,F0781,Rice,0.599
B0632,F0696,Sugarcane,0.599
B0632,F1986,Pulses,0.599
B0633,F0483,Cotton,0.847
B0633,F1883,Rice,0.809
B0633,F1554,Sugarcane,0.786
B0633,F0752,Cotton,0.6
B0633,F1210,Cotton,0.6
B0634,F1462,Cotton,0.781
B0634,F1237,Rice,0.6
B0634,F1614,Rice,0.6
B0634,F0304,Pulses,0.599
B0634,F0367,Pulses,0.599
B0635,F0364,Wheat,0.6
B0635,F0626,Wheat,0.598
B0635,F0576,Pulses,0.597
B0635,F1281,Wheat,0.597
B0635,F0834,Sugarcane,0.597
B0636,F1573,Pulses,0.598
B0636,F0802,Pulses,0.598
B0636,F0452,Pulses,0.598
B0636,F1080,Rice,0.597
B0636,F0786,Rice,0.597
B0637,F1362,Pulses,0.771
B0637,F0774,Sugarcane,0.6
B0637,F1091,Sugarcane,0.6
B0637,F0128,Rice,0.6
B0637,F0422,Wheat,0.599
B0638,F1285,Barley,0.847
B0638,F0360,Maize,0.734
B0638,F1542,Barley,0.6
B0638,F1698,Barley,0.6
B0638,F0079,Barley,0.6
B0639,F1679,Pulses,0.701
B0639,F0176,Pulses,0.599
B0639,F0283,Pulses,0.599
B0639,F0631,Rice,0.599
B0639,F1936,Millets,0.599
B0640,F1684,Rice,0.835
B0640,F0655,Pulses,0.6
B0640,F1129,Pulses,0.599
B0640,F1763,Maize,0.599
B0640,F1837,Pulses,0.598
B0641,F1793,Barley,0.719
B0641,F1287,Wheat,0.6
B0641,F0939,Pulses,0.598
B0641,F1206,Pulses,0.598
B0641,F0313,Sugarcane,0.598
B0642,F0333,Sugarcane,0.786
B0642,F1522,Rice,0.599
B0642,F0355,Millets,0.598
B0642,F1523,Rice,0.597
B0642,F1693,Sugarcane,0.596
B0643,F0116,Sugarcane,0.599
B0643,F0888,Pulses,0.599
B0643,F1521,Pulses,0.598
B0643,F1538,Pulses,0.598
B0643,F1961,Wheat,0.598
B0644,F0934,Rice,0.6
B0644,F0232,Sugarcane,0.598
B0644,F0043,Wheat,0.598
B0644,F0369,Maize,0.598
B0644,F1875,Wheat,0.598
B0645,F0825,Millets,0.782
B0645,F0537,Millets,0.599
B0645,F0652,Millets,0.599
B0645,F0970,Maize,0.599
B0645,F1752,Millets,0.598
B0646,F1075,Rice,0.605
B0646,F1736,Millets,0.599
B0646,F1619,Pulses,0.598
B0646,F1828,Millets,0.597
B0646,F1770,Cotton,0.597
B0647,F1845,Pulses,0.6
B0647,F1932,Sugarcane,0.599
B0647,F1484,Rice,0.599
B0647,F0276,Sugarcane,0.598
B0647,F0822,Sugarcane,0.598
B0648,F0790,Barley,0.599
B0648,F0161,Barley,0.598
B0648,F0168,Barley,0.598
B0648,F0319,Barley,0.597
B0648,F1134,Barley,0.596
B0649,F0246,Pulses,0.849
B0649,F1226,Pulses,0.664
B0649,F0946,Barley,0.6
B0649,F0575,Barley,0.599
B0649,F0146,Barley,0.599
B0650,F0498,Sugarcane,0.946
B0650,F0768,Millets,0.73
B0650,F0941,Sugarcane,0.6
B0650,F1650,Wheat,0.599
B0650,F0034,Wheat,0.598
B0651,F1719,Wheat,0.599
B0651,F1951,Sugarcane,0.598
B0651,F0107,Pulses,0.597
B0651,F1870,Wheat,0.597
B0651,F1102,Wheat,0.596
B0652,F0682,Cotton,0.599
B0652,F0894,Cotton,0.599
B0652,F1279,Cotton,0.599
B0652,F1877,Cotton,0.599
B0652,F1990,Cotton,0.598
B0653,F1792,Pulses,0.6
B0653,F0204,Rice,0.6
B0653,F1692,Pulses,0.599
B0653,F1944,Pulses,0.599
B0653,F1710,Pulses,0.599
B0654,F0415,Maize,0.864
B0654,F0630,Barley,0.599
B0654,F0909,Barley,0.598
B0654,F1343,Barley,0.596
B0654,F1813,Barley,0.594
B0655,F1222,Wheat,0.787
B0655,F0355,Millets,0.599
B0655,F0084,Millets,0.598
B0655,F1522,Rice,0.597
B0655,F0581,Pulses,0.597
B0656,F1265,Pulses,0.905
B0656,F1822,Barley,0.599
B0656,F0496,Barley,0.596
B0656,F0031,Cotton,0.596
B0656,F0726,Cotton,0.595
B0657,F0705,Cotton,0.888
B0657,F1619,Pulses,0.598
B0657,F1455,Rice,0.598
B0657,F1309,Rice,0.597
B0657,F1044,Rice,0.597
B0658,F1239,Rice,0.817
B0658,F1710,Pulses,0.6
B0658,F1344,Rice,0.599
B0658,F0204,Rice,0.599
B0658,F1792,Pulses,0.599
B0659,F0103,Wheat,0.599
B0659,F0149,Rice,0.599
B0659,F0959,Wheat,0.599
B0659,F0106,Wheat,0.599
B0659,F0939,Pulses,0.599
B0660,F1185,Millets,0.695
B0660,F1775,Barley,0.6
B0660,F0012,Barley,0.599
B0660,F1818,Barley,0.599
B0660,F1685,Barley,0.599
B0661,F1912,Pulses,0.917
B0661,F1172,Maize,0.802
B0661,F0025,Sugarcane,0.6
B0661,F0770,Rice,0.6
B0661,F0198,Sugarcane,0.6
B0662,F0619,Barley,0.599
B0662,F0356,Barley,0.598
B0662,F1813,Barley,0.596
B0662,F0683,Barley,0.595
B0662,F0012,Barley,0.595
B0663,F1554,Sugarcane,0.861
B0663,F0918,Sugarcane,0.6
B0663,F0637,Rice,0.599
B0663,F1982,Sugarcane,0.599
B0663,F1051,Wheat,0.598
B0664,F0839,Sugarcane,0.788
B0664,F1282,Barley,0.63
B0664,F0364,Wheat,0.6
B0664,F0626,Wheat,0.598
B0664,F1911,Sugarcane,0.598
B0665,F0013,Maize,0.802
B0665,F1223,Rice,0.778
B0665,F1981,Cotton,0.597
B0665,F0706,Cotton,0.595
B0665,F0036,Cotton,0.595
B0666,F1903,Rice,0.599
B0666,F0033,Sugarcane,0.599
B0666,F0283,Pulses,0.598
B0666,F1239,Rice,0.598
B0666,F0545,Rice,0.598
B0667,F0071,Wheat,0.969
B0667,F0519,Millets,0.843
B0667,F1724,Wheat,0.6
B0667,F0413,Pulses,0.6
B0667,F0914,Wheat,0.6
B0668,F1396,Pulses,0.6
B0668,F1380,Wheat,0.598
B0668,F0196,Wheat,0.598
B0668,F0137,Rice,0.598
B0668,F1721,Pulses,0.598
B0669,F1248,Pulses,0.822
B0669,F1288,Pulses,0.6
B0669,F0423,Pulses,0.599
B0669,F0354,Millets,0.599
B0669,F0087,Pulses,0.599
B0670,F0906,Wheat,0.599
B0670,F0584,Wheat,0.598
B0670,F0549,Wheat,0.597
B0670,F1294,Rice,0.597
B0670,F1882,Wheat,0.597
B0671,F1372,Maize,0.82
B0671,F0373,Wheat,0.599
B0671,F1546,Sugarcane,0.599
B0671,F1920,Rice,0.598
B0671,F1017,Wheat,0.598
B0672,F1301,Barley,0.599
B0672,F1487,Barley,0.598
B0672,F1360,Barley,0.597
B0672,F0569,Barley,0.596
B0672,F1477,Barley,0.595
B0673,F0600,Pulses,0.6
B0673,F0932,Sugarcane,0.599
B0673,F0050,Pulses,0.599
B0673,F1203,Sugarcane,0.599
B0673,F0567,Wheat,0.599
B0674,F1184,Sugarcane,0.599
B0674,F0353,Rice,0.597
B0674,F1699,Rice,0.597
B0674,F0515,Wheat,0.596
B0674,F0684,Sugarcane,0.596
B0675,F0859,Wheat,0.6
B0675,F0690,Wheat,0.599
B0675,F0108,Sugarcane,0.599
B0675,F1204,Wheat,0.599
B0675,F0992,Sugarcane,0.598
B0676,F1261,Barley,0.846
B0676,F1764,Barley,0.598
B0676,F0844,Barley,0.597
B0676,F0055,Barley,0.597
B0676,F0522,Barley,0.596
B0677,F0029,Millets,0.599
B0677,F1246,Millets,0.599
B0677,F0451,Pulses,0.598
B0677,F1502,Pulses,0.598
B0677,F1851,Maize,0.598
B0678,F0333,Sugarcane,0.912
B0678,F1781,Pulses,0.815
B0678,F1309,Rice,0.6
B0678,F1619,Pulses,0.599
B0678,F1105,Pulses,0.599
B0679,F0335,Pulses,0.881
B0679,F1247,Pulses,0.831
B0679,F0232,Sugarcane,0.599
B0679,F1446,Rice,0.598
B0679,F0934,Rice,0.598
B0680,F0267,Sugarcane,0.911
B0680,F1911,Sugarcane,0.599
B0680,F0196,Wheat,0.599
B0680,F1396,Pulses,0.598
B0680,F1154,Wheat,0.598
B0681,F1146,Pulses,0.6
B0681,F1489,Rice,0.599
B0681,F0804,Rice,0.599
B0681,F0626,Wheat,0.599
B0681,F1584,Millets,0.599
B0682,F1813,Barley,0.599
B0682,F0683,Barley,0.597
B0682,F0619,Barley,0.596
B0682,F0356,Barley,0.596
B0682,F0630,Barley,0.594
B0683,F1290,Rice,0.599
B0683,F1466,Pulses,0.597
B0683,F1385,Rice,0.597
B0683,F1362,Pulses,0.597
B0683,F1768,Rice,0.597
B0684,F1849,Rice,0.599
B0684,F1335,Sugarcane,0.599
B0684,F1605,Sugarcane,0.598
B0684,F1650,Wheat,0.597
B0684,F0742,Pulses,0.597
B0685,F1787,Sugarcane,0.667
B0685,F0960,Barley,0.6
B0685,F0570,Barley,0.599
B0685,F1278,Barley,0.596
B0685,F1801,Barley,0.596
B0686,F0487,Maize,0.598
B0686,F1170,Maize,0.598
B0686,F0516,Maize,0.597
B0686,F1101,Maize,0.596
B0686,F1200,Cotton,0.595
B0687,F1409,Barley,0.74
B0687,F1056,Cotton,0.658
B0687,F1546,Sugarcane,0.6
B0687,F0498,Sugarcane,0.599
B0687,F1920,Rice,0.598
B0688,F1247,Pulses,0.772
B0688,F1565,Maize,0.599
B0688,F0338,Maize,0.599
B0688,F0974,Maize,0.599
B0688,F1260,Maize,0.597
B0689,F1136,Maize,0.75
B0689,F1285,Barley,0.6
B0689,F1647,Barley,0.599
B0689,F1063,Barley,0.599
B0689,F0139,Barley,0.599
B0690,F0903,Pulses,0.836
B0690,F0865,Sugarcane,0.693
B0690,F0496,Barley,0.6
B0690,F0787,Barley,0.599
B0690,F0629,Barley,0.598
B0691,F0311,Millets,0.679
B0691,F1301,Barley,0.6
B0691,F1487,Barley,0.597
B0691,F1360,Barley,0.595
B0691,F0569,Barley,0.594
B0692,F0084,Millets,0.786
B0692,F1169,Maize,0.769
B0692,F0168,Barley,0.684
B0692,F0233,Sugarcane,0.599
B0692,F0026,Pulses,0.598
B0693,F0450,Pulses,0.6
B0693,F1604,Rice,0.599
B0693,F1422,Rice,0.599
B0693,F1483,Pulses,0.599
B0693,F1309,Rice,0.598
B0694,F1256,Wheat,0.765
B0694,F1203,Sugarcane,0.6
B0694,F0600,Pulses,0.599
B0694,F0828,Wheat,0.599
B0694,F0932,Sugarcane,0.598
B0695,F0893,Rice,0.88
B0695,F1757,Rice,0.6
B0695,F0251,Pulses,0.6
B0695,F1829,Pulses,0.598
B0695,F0321,Millets,0.598
B0696,F1580,Maize,0.598
B0696,F1471,Cotton,0.597
B0696,F1664,Maize,0.596
B0696,F1266,Maize,0.596
B0696,F1770,Cotton,0.596
B0697,F1007,Sugarcane,0.598
B0697,F1388,Sugarcane,0.598
B0697,F0581,Pulses,0.597
B0697,F1158,Rice,0.597
B0697,F1387,Rice,0.597
B0698,F1180,Maize,0.599
B0698,F1183,Millets,0.597
B0698,F1308,Millets,0.597
B0698,F0830,Millets,0.596
B0698,F1368,Pulses,0.595
B0699,F1552,Cotton,0.7
B0699,F0482,Pulses,0.6
B0699,F1645,Rice,0.599
B0699,F0175,Millets,0.599
B0699,F1390,Rice,0.599
B0700,F0072,Wheat,0.599
B0700,F0530,Wheat,0.599
B0700,F0342,Sugarcane,0.599
B0700,F1850,Wheat,0.599
B0700,F0986,Wheat,0.599
B0701,F0410,Pulses,0.726
B0701,F1257,Pulses,0.599
B0701,F1642,Rice,0.598
B0701,F0361,Sugarcane,0.598
B0701,F0137,Rice,0.597
B0702,F0522,Barley,0.919
B0702,F0757,Wheat,0.797
B0702,F1947,Rice,0.704
B0702,F0198,Sugarcane,0.676
B0702,F1505,Barley,0.6
B0703,F0151,Maize,0.913
B0703,F0286,Maize,0.881
B0703,F1359,Sugarcane,0.6
B0703,F1109,Pulses,0.599
B0703,F1812,Rice,0.599
B0704,F0474,Sugarcane,0.923
B0704,F0949,Pulses,0.6
B0704,F1909,Wheat,0.599
B0704,F1571,Wheat,0.599
B0704,F1653,Wheat,0.598
B0705,F0583,Sugarcane,0.962
B0705,F1436,Wheat,0.6
B0705,F0069,Sugarcane,0.599
B0705,F0986,Wheat,0.599
B0705,F0205,Sugarcane,0.599
B0706,F0485,Cotton,0.6
B0706,F1117,Barley,0.59
B0706,F0125,Cotton,0.59
B0706,F0449,Barley,0.588
B0706,F1665,Maize,0.588
B0707,F1699,Rice,0.6
B0707,F1856,Wheat,0.6
B0707,F1640,Wheat,0.599
B0707,F0353,Rice,0.599
B0707,F0555,Rice,0.598
B0708,F0673,Pulses,0.743
B0708,F0049,Pulses,0.599
B0708,F0903,Pulses,0.599
B0708,F0820,Rice,0.598
B0708,F1828,Millets,0.597
B0709,F0215,Maize,0.599
B0709,F0027,Pulses,0.599
B0709,F1198,Maize,0.599
B0709,F0969,Pulses,0.599
B0709,F0920,Millets,0.598
B0710,F0559,Millets,0.607
B0710,F1170,Maize,0.599
B0710,F0121,Millets,0.598
B0710,F0386,Millets,0.598
B0710,F0734,Millets,0.597
B0711,F0298,Barley,0.798
B0711,F0023,Wheat,0.723
B0711,F0933,Rice,0.599
B0711,F1366,Pulses,0.599
B0711,F0073,Rice,0.598
B0712,F0159,Rice,0.6
B0712,F0162,Rice,0.6
B0712,F0301,Rice,0.6
B0712,F0416,Rice,0.599
B0712,F1784,Pulses,0.599
B0713,F1988,Sugarcane,0.942
B0713,F1260,Maize,0.789
B0713,F0232,Sugarcane,0.6
B0713,F0934,Rice,0.599
B0713,F1729,Wheat,0.598
B0714,F1452,Cotton,0.782
B0714,F0955,Maize,0.6
B0714,F1937,Maize,0.599
B0714,F1110,Maize,0.599
B0714,F1592,Maize,0.596
B0715,F1760,Maize,0.599
B0715,F0014,Maize,0.597
B0715,F1372,Maize,0.597
B0715,F0553,Cotton,0.596
B0715,F1152,Cotton,0.596
B0716,F1945,Cotton,0.599
B0716,F0627,Cotton,0.597
B0716,F0832,Cotton,0.596
B0716,F1100,Maize,0.596
B0716,F1549,Cotton,0.596
B0717,F1682,Wheat,0.929
B0717,F0918,Sugarcane,0.826
B0717,F0707,Sugarcane,0.599
B0717,F1280,Sugarcane,0.599
B0717,F0418,Wheat,0.599
B0718,F0776,Cotton,0.599
B0718,F1413,Cotton,0.597
B0718,F1544,Cotton,0.596
B0718,F0161,Barley,0.594
B0718,F1972,Cotton,0.593
B0719,F0408,Millets,0.599
B0719,F0091,Millets,0.599
B0719,F0789,Millets,0.598
B0719,F1756,Millets,0.598
B0719,F1509,Millets,0.598
B0720,F1411,Sugarcane,0.599
B0720,F0545,Rice,0.599
B0720,F0123,Wheat,0.599
B0720,F0720,Sugarcane,0.598
B0720,F1125,Pulses,0.598
B0721,F0630,Barley,0.595
B0721,F0157,Barley,0.595
B0721,F1030,Cotton,0.591
B0721,F0063,Cotton,0.59
B0721,F1813,Barley,0.588
B0722,F1857,Cotton,0.599
B0722,F0738,Cotton,0.599
B0722,F1616,Maize,0.599
B0722,F0590,Cotton,0.599
B0722,F0950,Cotton,0.599
B0723,F0209,Pulses,0.765
B0723,F1232,Millets,0.598
B0723,F1429,Pulses,0.598
B0723,F1736,Millets,0.597
B0723,F1619,Pulses,0.597
B0724,F1104,Rice,0.857
B0724,F0918,Sugarcane,0.599
B0724,F1982,Sugarcane,0.599
B0724,F0584,Wheat,0.599
B0724,F0637,Rice,0.598
B0725,F1271,Wheat,0.6
B0725,F0753,Wheat,0.599
B0725,F0076,Wheat,0.599
B0725,F0095,Pulses,0.599
B0725,F1154,Wheat,0.598
B0726,F1668,Rice,0.894
B0726,F0464,Rice,0.787
B0726,F0718,Sugarcane,0.599
B0726,F0106,Wheat,0.598
B0726,F1399,Sugarcane,0.598
B0727,F0670,Barley,0.764
B0727,F0630,Barley,0.599
B0727,F1813,Barley,0.597
B0727,F0157,Barley,0.591
B0727,F0495,Cotton,0.591
B0728,F0644,Rice,0.829
B0728,F0556,Millets,0.6
B0728,F1673,Millets,0.6
B0728,F0167,Millets,0.6
B0728,F0258,Pulses,0.6
B0729,F0390,Rice,0.599
B0729,F1126,Millets,0.598
B0729,F0024,Millets,0.598
B0729,F1728,Rice,0.596
B0729,F1702,Pulses,0.596
B0730,F1375,Maize,0.714
B0730,F1407,Wheat,0.599
B0730,F1393,Millets,0.599
B0730,F0941,Sugarcane,0.599
B0730,F0295,Wheat,0.598
B0731,F0553,Cotton,0.792
B0731,F1522,Rice,0.597
B0731,F0977,Millets,0.596
B0731,F0084,Millets,0.596
B0731,F0355,Millets,0.595
B0732,F1580,Maize,0.599
B0732,F1471,Cotton,0.599
B0732,F1814,Cotton,0.598
B0732,F1770,Cotton,0.597
B0732,F0014,Maize,0.596
B0733,F1869,Cotton,0.599
B0733,F0132,Cotton,0.598
B0733,F1395,Cotton,0.597
B0733,F0125,Cotton,0.596
B0733,F0005,Maize,0.595
B0734,F1785,Maize,0.6
B0734,F0057,Millets,0.6
B0734,F0486,Pulses,0.6
B0734,F0440,Maize,0.599
B0734,F1286,Pulses,0.598
B0735,F1305,Wheat,0.6
B0735,F1181,Pulses,0.6
B0735,F1779,Millets,0.599
B0735,F0130,Sugarcane,0.599
B0735,F0545,Rice,0.599
B0736,F1023,Wheat,0.895
B0736,F1838,Sugarcane,0.599
B0736,F1133,Pulses,0.598
B0736,F1379,Pulses,0.598
B0736,F0835,Rice,0.598
B0737,F0957,Sugarcane,0.6
B0737,F0369,Maize,0.6
B0737,F0043,Wheat,0.6
B0737,F1332,Pulses,0.6
B0737,F1875,Wheat,0.599
B0738,F1227,Barley,0.846
B0738,F1701,Cotton,0.6
B0738,F1376,Cotton,0.599
B0738,F0894,Cotton,0.599
B0738,F0682,Cotton,0.599
B0739,F0250,Maize,0.784
B0739,F0268,Millets,0.6
B0739,F0121,Millets,0.599
B0739,F1429,Pulses,0.599
B0739,F1230,Maize,0.598
B0740,F0647,Cotton,0.595
B0740,F1413,Cotton,0.595
B0740,F1513,Cotton,0.594
B0740,F0700,Maize,0.593
B0740,F0776,Cotton,0.592
B0741,F1587,Rice,0.87
B0741,F0329,Millets,0.8
B0741,F0994,Sugarcane,0.701
B0741,F1113,Millets,0.6
B0741,F1161,Millets,0.599
B0742,F1198,Maize,0.599
B0742,F0190,Pulses,0.598
B0742,F0027,Pulses,0.598
B0742,F0805,Pulses,0.598
B0742,F1955,Maize,0.598
B0743,F0355,Millets,0.599
B0743,F0581,Pulses,0.598
B0743,F0084,Millets,0.597
B0743,F1522,Rice,0.595
B0743,F1693,Sugarcane,0.592
B0744,F0702,Millets,0.599
B0744,F1550,Millets,0.599
B0744,F0532,Millets,0.597
B0744,F0005,Maize,0.593
B0744,F1016,Pulses,0.591
B0745,F1219,Cotton,0.817
B0745,F1266,Maize,0.599
B0745,F1445,Maize,0.598
B0745,F0945,Cotton,0.598
B0745,F1566,Maize,0.597
B0746,F0239,Maize,0.688
B0746,F0288,Cotton,0.599
B0746,F0200,Maize,0.597
B0746,F1524,Cotton,0.597
B0746,F0495,Cotton,0.596
B0747,F0963,Pulses,0.6
B0747,F0244,Rice,0.6
B0747,F0823,Pulses,0.599
B0747,F1286,Pulses,0.599
B0747,F0587,Pulses,0.599
B0748,F0135,Barley,0.733
B0748,F1879,Sugarcane,0.6
B0748,F1964,Wheat,0.599
B0748,F0989,Wheat,0.599
B0748,F1939,Wheat,0.599
B0749,F1768,Rice,0.599
B0749,F1780,Millets,0.599
B0749,F0493,Rice,0.598
B0749,F0888,Pulses,0.598
B0749,F1967,Rice,0.598
B0750,F0288,Cotton,0.598
B0750,F0495,Cotton,0.596
B0750,F0063,Cotton,0.595
B0750,F1813,Barley,0.595
B0750,F0951,Maize,0.594
B0751,F0712,Wheat,0.6
B0751,F0548,Sugarcane,0.599
B0751,F1022,Rice,0.599
B0751,F0179,Rice,0.599
B0751,F0665,Rice,0.599
B0752,F0150,Millets,0.892
B0752,F1894,Maize,0.599
B0752,F1789,Cotton,0.599
B0752,F0456,Maize,0.598
B0752,F1973,Maize,0.597
B0753,F1105,Pulses,0.81
B0753,F0452,Pulses,0.6
B0753,F1080,Rice,0.6
B0753,F0786,Rice,0.599
B0753,F0238,Pulses,0.598
B0754,F1797,Barley,0.768
B0754,F0273,Millets,0.747
B0754,F1453,Millets,0.673
B0754,F0955,Maize,0.6
B0754,F1110,Maize,0.6
B0755,F1658,Maize,0.91
B0755,F0058,Rice,0.797
B0755,F1517,Barley,0.6
B0755,F1553,Barley,0.598
B0755,F0607,Barley,0.597
B0756,F1059,Pulses,0.599
B0756,F1451,Millets,0.599
B0756,F0349,Millets,0.599
B0756,F0664,Pulses,0.599
B0756,F0231,Pulses,0.598
B0757,F0446,Maize,0.881
B0757,F0552,Sugarcane,0.879
B0757,F1358,Maize,0.848
B0757,F1250,Sugarcane,0.6
B0757,F0668,Sugarcane,0.599
B0758,F0781,Rice,0.83
B0758,F0116,Sugarcane,0.739
B0758,F1817,Wheat,0.72
B0758,F1366,Pulses,0.69
B0758,F0540,Wheat,0.597
B0759,F1375,Maize,0.794
B0759,F0427,Rice,0.726
B0759,F0412,Millets,0.599
B0759,F1931,Millets,0.599
B0759,F1752,Millets,0.595
B0760,F0572,Maize,0.599
B0760,F1465,Maize,0.599
B0760,F1569,Maize,0.599
B0760,F0151,Maize,0.599
B0760,F1169,Maize,0.598
B0761,F1693,Sugarcane,0.6
B0761,F1796,Wheat,0.6
B0761,F0551,Rice,0.599
B0761,F0815,Sugarcane,0.599
B0761,F1627,Rice,0.598
B0762,F1557,Wheat,0.845
B0762,F0915,Sugarcane,0.737
B0762,F1866,Wheat,0.6
B0762,F0023,Wheat,0.599
B0762,F1594,Sugarcane,0.599
B0763,F0897,Pulses,0.893
B0763,F0694,Sugarcane,0.887
B0763,F1187,Millets,0.6
B0763,F0141,Millets,0.599
B0763,F1660,Millets,0.599
B0764,F0776,Cotton,0.6
B0764,F1413,Cotton,0.599
B0764,F1544,Cotton,0.599
B0764,F0700,Maize,0.594
B0764,F1844,Maize,0.592
B0765,F0117,Rice,0.699
B0765,F0250,Maize,0.6
B0765,F1318,Millets,0.599
B0765,F1406,Millets,0.599
B0765,F0491,Millets,0.598
B0766,F0178,Maize,0.824
B0766,F0044,Millets,0.599
B0766,F1150,Rice,0.599
B0766,F0333,Sugarcane,0.599
B0766,F0678,Millets,0.599
B0767,F0070,Pulses,0.599
B0767,F0097,Wheat,0.599
B0767,F1888,Sugarcane,0.599
B0767,F1682,Wheat,0.599
B0767,F1412,Wheat,0.598
B0768,F0659,Sugarcane,0.6
B0768,F0285,Wheat,0.599
B0768,F0033,Sugarcane,0.599
B0768,F1305,Wheat,0.599
B0768,F1916,Wheat,0.598
B0769,F1619,Pulses,0.599
B0769,F1736,Millets,0.598
B0769,F1612,Pulses,0.598
B0769,F1105,Pulses,0.597
B0769,F1618,Rice,0.596
B0770,F0799,Rice,0.866
B0770,F1044,Rice,0.599
B0770,F1366,Pulses,0.598
B0770,F1229,Pulses,0.598
B0770,F1455,Rice,0.598
B0771,F1628,Rice,0.846
B0771,F1780,Millets,0.825
B0771,F0221,Maize,0.599
B0771,F1558,Maize,0.599
B0771,F0119,Millets,0.599
B0772,F1906,Wheat,0.6
B0772,F0308,Wheat,0.6
B0772,F1225,Rice,0.599
B0772,F0714,Sugarcane,0.599
B0772,F1916,Wheat,0.599
B0773,F1469,Sugarcane,0.91
B0773,F1684,Rice,0.6
B0773,F1410,Wheat,0.599
B0773,F1072,Wheat,0.599
B0773,F1562,Sugarcane,0.599
B0774,F1810,Wheat,0.6
B0774,F1913,Wheat,0.6
B0774,F0952,Sugarcane,0.599
B0774,F0248,Rice,0.599
B0774,F1585,Pulses,0.598
B0775,F0695,Wheat,0.681
B0775,F1491,Rice,0.6
B0775,F0929,Pulses,0.599
B0775,F1473,Rice,0.599
B0775,F0326,Pulses,0.599
B0776,F1827,Pulses,0.84
B0776,F0647,Cotton,0.598
B0776,F0319,Barley,0.595
B0776,F1413,Cotton,0.595
B0776,F0168,Barley,0.594
B0777,F0264,Rice,0.963
B0777,F1379,Pulses,0.599
B0777,F1949,Sugarcane,0.599
B0777,F1133,Pulses,0.599
B0777,F1838,Sugarcane,0.598
B0778,F1446,Rice,0.6
B0778,F1295,Sugarcane,0.599
B0778,F1433,Pulses,0.599
B0778,F0834,Sugarcane,0.599
B0778,F1680,Wheat,0.599
B0779,F0878,Wheat,0.6
B0779,F1983,Sugarcane,0.6
B0779,F1127,Sugarcane,0.599
B0779,F0102,Wheat,0.599
B0779,F0077,Sugarcane,0.599
B0780,F1922,Cotton,0.705
B0780,F0696,Sugarcane,0.599
B0780,F0372,Millets,0.599
B0780,F0781,Rice,0.598
B0780,F0977,Millets,0.598
B0781,F0259,Millets,0.803
B0781,F0522,Barley,0.61
B0781,F0415,Maize,0.595
B0781,F1178,Millets,0.594
B0781,F1978,Maize,0.593
B0782,F1699,Rice,0.88
B0782,F1634,Barley,0.773
B0782,F1054,Barley,0.626
B0782,F0041,Maize,0.6
B0782,F1630,Pulses,0.598
B0783,F1622,Wheat,0.599
B0783,F1670,Sugarcane,0.598
B0783,F1991,Sugarcane,0.598
B0783,F1948,Wheat,0.598
B0783,F1363,Rice,0.598
B0784,F1648,Sugarcane,0.822
B0784,F1416,Sugarcane,0.6
B0784,F1357,Sugarcane,0.599
B0784,F1697,Rice,0.599
B0784,F0839,Sugarcane,0.599
B0785,F0210,Cotton,0.65
B0785,F1703,Barley,0.6
B0785,F0760,Barley,0.6
B0785,F0946,Barley,0.599
B0785,F1306,Barley,0.598
B0786,F1761,Millets,0.957
B0786,F0434,Millets,0.846
B0786,F0247,Rice,0.799
B0786,F1814,Cotton,0.599
B0786,F0014,Maize,0.599
B0787,F0194,Barley,0.6
B0787,F0741,Barley,0.6
B0787,F1512,Barley,0.598
B0787,F0350,Barley,0.598
B0787,F0298,Barley,0.597
B0788,F1019,Millets,0.599
B0788,F0811,Maize,0.598
B0788,F0171,Millets,0.598
B0788,F1921,Maize,0.598
B0788,F0202,Millets,0.598
B0789,F1499,Maize,0.617
B0789,F0270,Maize,0.599
B0789,F1440,Maize,0.598
B0789,F1610,Maize,0.598
B0789,F1030,Cotton,0.597
B0790,F1422,Rice,0.6
B0790,F1618,Rice,0.599
B0790,F0450,Pulses,0.599
B0790,F0671,Rice,0.599
B0790,F0429,Rice,0.599
B0791,F1335,Sugarcane,0.599
B0791,F1849,Rice,0.599
B0791,F0993,Wheat,0.598
B0791,F1310,Sugarcane,0.598
B0791,F1388,Sugarcane,0.597
B0792,F1833,Sugarcane,0.6
B0792,F1986,Pulses,0.6
B0792,F1555,Sugarcane,0.599
B0792,F0174,Sugarcane,0.599
B0792,F0781,Rice,0.599
B0793,F0655,Pulses,0.6
B0793,F1837,Pulses,0.599
B0793,F1129,Pulses,0.599
B0793,F1763,Maize,0.598
B0793,F0797,Cotton,0.598
B0794,F1036,Wheat,0.817
B0794,F1607,Wheat,0.754
B0794,F1067,Cotton,0.701
B0794,F0539,Cotton,0.6
B0794,F1205,Cotton,0.599
B0795,F1615,Pulses,0.599
B0795,F1838,Sugarcane,0.599
B0795,F1957,Pulses,0.599
B0795,F1480,Millets,0.598
B0795,F1379,Pulses,0.598
B0796,F0001,Barley,0.6
B0796,F1068,Barley,0.6
B0796,F1409,Barley,0.6
B0796,F0605,Barley,0.599
B0796,F0191,Barley,0.599
B0797,F1103,Sugarcane,0.659
B0797,F0619,Barley,0.599
B0797,F1114,Barley,0.599
B0797,F1685,Barley,0.598
B0797,F1398,Barley,0.598
B0798,F0293,Rice,0.862
B0798,F0601,Cotton,0.6
B0798,F1714,Cotton,0.599
B0798,F0186,Cotton,0.599
B0798,F0765,Cotton,0.598
B0799,F1060,Sugarcane,0.855
B0799,F1076,Cotton,0.753
B0799,F0418,Wheat,0.6
B0799,F1644,Wheat,0.599
B0799,F0068,Rice,0.599
B0800,F0445,Sugarcane,0.803
B0800,F0479,Rice,0.6
B0800,F1608,Rice,0.6
B0800,F1835,Sugarcane,0.6
B0800,F0030,Sugarcane,0.6
B0801,F0177,Maize,0.918
B0801,F1503,Pulses,0.857
B0801,F0949,Pulses,0.655
B0801,F1945,Cotton,0.599
B0801,F0459,Maize,0.599
B0802,F1456,Cotton,0.877
B0802,F1971,Rice,0.839
B0802,F0462,Cotton,0.599
B0802,F0031,Cotton,0.599
B0802,F0726,Cotton,0.598
B0803,F0667,Pulses,0.599
B0803,F0066,Wheat,0.599
B0803,F1421,Rice,0.598
B0803,F0287,Rice,0.598
B0803,F0764,Wheat,0.598
B0804,F0009,Barley,0.754
B0804,F1926,Cotton,0.6
B0804,F0031,Cotton,0.599
B0804,F0186,Cotton,0.599
B0804,F1877,Cotton,0.597
B0805,F1232,Millets,0.598
B0805,F1198,Maize,0.598
B0805,F0434,Millets,0.598
B0805,F0027,Pulses,0.598
B0805,F1229,Pulses,0.597
B0806,F1085,Pulses,0.599
B0806,F0677,Sugarcane,0.598
B0806,F0233,Sugarcane,0.598
B0806,F1280,Sugarcane,0.597
B0806,F1184,Sugarcane,0.597
B0807,F1873,Maize,0.599
B0807,F1502,Pulses,0.599
B0807,F1315,Pulses,0.599
B0807,F0451,Pulses,0.599
B0807,F0271,Pulses,0.599
B0808,F1604,Rice,0.6
B0808,F0358,Millets,0.599
B0808,F0750,Wheat,0.599
B0808,F1422,Rice,0.599
B0808,F1787,Sugarcane,0.599
B0809,F1230,Maize,0.598
B0809,F1782,Millets,0.597
B0809,F1780,Millets,0.596
B0809,F1927,Cotton,0.596
B0809,F0493,Rice,0.596
B0810,F1782,Millets,0.814
B0810,F1853,Pulses,0.6
B0810,F1543,Sugarcane,0.598
B0810,F1562,Sugarcane,0.598
B0810,F1594,Sugarcane,0.598
B0811,F1902,Cotton,0.6
B0811,F0857,Maize,0.6
B0811,F0374,Millets,0.599
B0811,F0148,Maize,0.599
B0811,F1266,Maize,0.599
B0812,F1828,Millets,0.6
B0812,F0857,Maize,0.599
B0812,F1902,Cotton,0.598
B0812,F1736,Millets,0.598
B0812,F0374,Millets,0.598
B0813,F1897,Pulses,0.724
B0813,F0290,Millets,0.669
B0813,F1981,Cotton,0.599
B0813,F0322,Cotton,0.595
B0813,F0036,Cotton,0.595
B0814,F0662,Maize,0.939
B0814,F0527,Maize,0.875
B0814,F1111,Rice,0.793
B0814,F1599,Millets,0.763
B0814,F0920,Millets,0.6
B0815,F1498,Millets,0.6
B0815,F0777,Rice,0.599
B0815,F0422,Wheat,0.598
B0815,F0128,Rice,0.598
B0815,F0774,Sugarcane,0.598
B0816,F0519,Millets,0.847
B0816,F1497,Millets,0.6
B0816,F0122,Cotton,0.6
B0816,F0040,Maize,0.6
B0816,F1352,Millets,0.599
B0817,F1672,Cotton,0.768
B0817,F0471,Cotton,0.6
B0817,F0003,Cotton,0.599
B0817,F0230,Cotton,0.599
B0817,F1890,Cotton,0.599
B0818,F1653,Wheat,0.6
B0818,F0949,Pulses,0.597
B0818,F1168,Pulses,0.597
B0818,F1650,Wheat,0.597
B0818,F1571,Wheat,0.597
B0819,F1465,Maize,0.903
B0819,F1090,Wheat,0.599
B0819,F0769,Sugarcane,0.599
B0819,F0371,Sugarcane,0.599
B0819,F0928,Sugarcane,0.599
B0820,F0830,Millets,0.599
B0820,F1531,Pulses,0.597
B0820,F0608,Millets,0.597
B0820,F0329,Millets,0.597
B0820,F1308,Millets,0.597
B0821,F1822,Barley,0.6
B0821,F0031,Cotton,0.596
B0821,F1759,Barley,0.596
B0821,F0496,Barley,0.596
B0821,F0829,Barley,0.594
B0822,F0831,Cotton,0.599
B0822,F0539,Cotton,0.598
B0822,F1064,Cotton,0.598
B0822,F1118,Cotton,0.598
B0822,F1600,Cotton,0.598
B0823,F1535,Maize,0.797
B0823,F1601,Millets,0.758
B0823,F0148,Maize,0.6
B0823,F0374,Millets,0.6
B0823,F1902,Cotton,0.6
B0824,F1001,Pulses,0.764
B0824,F0343,Maize,0.64
B0824,F0344,Wheat,0.6
B0824,F1906,Wheat,0.599
B0824,F1217,Pulses,0.599
B0825,F0499,Rice,0.599
B0825,F1498,Millets,0.596
B0825,F0777,Rice,0.595
B0825,F1007,Sugarcane,0.595
B0825,F0919,Sugarcane,0.595
B0826,F1009,Sugarcane,0.765
B0826,F0919,Sugarcane,0.6
B0826,F0573,Rice,0.6
B0826,F1158,Rice,0.6
B0826,F1007,Sugarcane,0.599
B0827,F1666,Pulses,0.817
B0827,F1601,Millets,0.599
B0827,F0247,Rice,0.599
B0827,F0234,Sugarcane,0.599
B0827,F0582,Rice,0.598
B0828,F1362,Pulses,0.938
B0828,F0105,Wheat,0.781
B0828,F1920,Rice,0.761
B0828,F0386,Millets,0.599
B0828,F0734,Millets,0.599
B0829,F1828,Millets,0.6
B0829,F0857,Maize,0.599
B0829,F1770,Cotton,0.598
B0829,F1736,Millets,0.597
B0829,F1664,Maize,0.597
B0830,F1143,Millets,0.843
B0830,F0124,Barley,0.6
B0830,F0101,Barley,0.6
B0830,F1002,Barley,0.6
B0830,F0924,Barley,0.599
B0831,F1110,Maize,0.599
B0831,F1201,Cotton,0.598
B0831,F0955,Maize,0.598
B0831,F1620,Cotton,0.598
B0831,F1397,Maize,0.597
B0832,F1049,Cotton,0.6
B0832,F0901,Cotton,0.599
B0832,F0913,Cotton,0.599
B0832,F0100,Cotton,0.599
B0832,F0726,Cotton,0.599
B0833,F1687,Sugarcane,0.844
B0833,F1037,Millets,0.788
B0833,F0922,Barley,0.6
B0833,F1485,Barley,0.599
B0833,F1626,Barley,0.599
B0834,F1482,Cotton,0.793
B0834,F1600,Cotton,0.6
B0834,F1205,Cotton,0.599
B0834,F1064,Cotton,0.598
B0834,F0553,Cotton,0.598
B0835,F1081,Maize,0.678
B0835,F0958,Rice,0.6
B0835,F0835,Rice,0.6
B0835,F1874,Pulses,0.599
B0835,F1690,Sugarcane,0.599
B0836,F0141,Millets,0.599
B0836,F1706,Millets,0.599
B0836,F0850,Pulses,0.599
B0836,F1652,Pulses,0.599
B0836,F0441,Rice,0.599
B0837,F1640,Wheat,0.782
B0837,F1686,Rice,0.597
B0837,F0566,Wheat,0.597
B0837,F0287,Rice,0.596
B0837,F1140,Rice,0.596
B0838,F1345,Barley,0.6
B0838,F0564,Barley,0.6
B0838,F0135,Barley,0.6
B0838,F0439,Barley,0.599
B0838,F0214,Barley,0.599
B0839,F1360,Barley,0.865
B0839,F0005,Maize,0.599
B0839,F1550,Millets,0.597
B0839,F0702,Millets,0.594
B0839,F1395,Cotton,0.594
B0840,F0032,Rice,0.778
B0840,F1949,Sugarcane,0.6
B0840,F0293,Rice,0.6
B0840,F1442,Wheat,0.599
B0840,F0936,Rice,0.599
B0841,F1309,Rice,0.598
B0841,F1455,Rice,0.598
B0841,F0631,Rice,0.598
B0841,F1619,Pulses,0.598
B0841,F1044,Rice,0.597
B0842,F1567,Cotton,0.616
B0842,F1529,Pulses,0.599
B0842,F0252,Rice,0.598
B0842,F0622,Wheat,0.597
B0842,F1086,Rice,0.597
B0843,F1846,Barley,0.643
B0843,F0976,Wheat,0.6
B0843,F0224,Sugarcane,0.6
B0843,F0918,Sugarcane,0.599
B0843,F0847,Wheat,0.599
B0844,F1996,Rice,0.842
B0844,F1715,Pulses,0.599
B0844,F1334,Millets,0.599
B0844,F1273,Maize,0.598
B0844,F0758,Maize,0.598
B0845,F1077,Pulses,0.81
B0845,F1026,Pulses,0.789
B0845,F0631,Rice,0.6
B0845,F1309,Rice,0.6
B0845,F1936,Millets,0.599
B0846,F1752,Millets,0.816
B0846,F0437,Millets,0.695
B0846,F1670,Sugarcane,0.6
B0846,F1221,Rice,0.598
B0846,F0463,Pulses,0.598
B0847,F1950,Barley,0.6
B0847,F1527,Barley,0.599
B0847,F0524,Barley,0.594
B0847,F0449,Barley,0.593
B0847,F1889,Barley,0.593
B0848,F0339,Sugarcane,0.76
B0848,F1728,Rice,0.687
B0848,F1673,Millets,0.66
B0848,F0829,Barley,0.6
B0848,F1759,Barley,0.599
B0849,F0037,Sugarcane,0.84
B0849,F0249,Rice,0.6
B0849,F0966,Rice,0.6
B0849,F0770,Rice,0.598
B0849,F0794,Sugarcane,0.598
B0850,F0889,Sugarcane,0.792
B0850,F0654,Cotton,0.6
B0850,F1083,Cotton,0.6
B0850,F0726,Cotton,0.598
B0850,F0728,Maize,0.597
B0851,F1764,Barley,0.752
B0851,F1772,Maize,0.599
B0851,F0883,Maize,0.599
B0851,F1526,Maize,0.599
B0851,F0765,Cotton,0.598
B0852,F0180,Maize,0.841
B0852,F1146,Pulses,0.731
B0852,F0375,Rice,0.6
B0852,F1537,Rice,0.599
B0852,F0749,Rice,0.599
B0853,F0547,Cotton,0.6
B0853,F0338,Maize,0.598
B0853,F0927,Cotton,0.597
B0853,F0727,Maize,0.596
B0853,F1525,Cotton,0.595
B0854,F0314,Barley,0.599
B0854,F0598,Barley,0.599
B0854,F1896,Barley,0.599
B0854,F0191,Barley,0.598
B0854,F1500,Barley,0.598
B0855,F0484,Pulses,0.667
B0855,F0700,Maize,0.6
B0855,F1173,Maize,0.597
B0855,F1413,Cotton,0.597
B0855,F1844,Maize,0.596
B0856,F0912,Cotton,0.748
B0856,F0223,Pulses,0.597
B0856,F1633,Millets,0.597
B0856,F1851,Maize,0.597
B0856,F0592,Millets,0.597
B0857,F0544,Wheat,0.6
B0857,F1829,Pulses,0.6
B0857,F1469,Sugarcane,0.599
B0857,F1216,Rice,0.598
B0857,F1256,Wheat,0.598
B0858,F0930,Rice,0.599
B0858,F1037,Millets,0.599
B0858,F0784,Sugarcane,0.599
B0858,F0375,Rice,0.598
B0858,F0725,Rice,0.598
B0859,F0918,Sugarcane,0.6
B0859,F1982,Sugarcane,0.599
B0859,F0637,Rice,0.599
B0859,F0584,Wheat,0.599
B0859,F0549,Wheat,0.598
B0860,F1308,Millets,0.6
B0860,F1342,Millets,0.597
B0860,F1066,Maize,0.597
B0860,F1274,Maize,0.597
B0860,F0830,Millets,0.596
B0861,F1125,Pulses,0.599
B0861,F1615,Pulses,0.599
B0861,F1411,Sugarcane,0.599
B0861,F0123,Wheat,0.599
B0861,F0712,Wheat,0.598
B0862,F0601,Cotton,0.769
B0862,F0300,Millets,0.743
B0862,F0984,Cotton,0.703
B0862,F1604,Rice,0.6
B0862,F0358,Millets,0.599
B0863,F0887,Rice,0.887
B0863,F0191,Barley,0.845
B0863,F1026,Pulses,0.599
B0863,F1194,Millets,0.599
B0863,F1865,Sugarcane,0.599
B0864,F1806,Maize,0.931
B0864,F1275,Barley,0.6
B0864,F1821,Barley,0.6
B0864,F0623,Barley,0.599
B0864,F1669,Barley,0.597
B0865,F0641,Pulses,0.837
B0865,F1760,Maize,0.602
B0865,F1317,Wheat,0.6
B0865,F0282,Sugarcane,0.599
B0865,F1086,Rice,0.598
B0866,F1924,Maize,0.861
B0866,F1659,Rice,0.781
B0866,F1293,Sugarcane,0.6
B0866,F0902,Sugarcane,0.6
B0866,F1687,Sugarcane,0.6
B0867,F1502,Pulses,0.73
B0867,F0270,Maize,0.599
B0867,F1030,Cotton,0.599
B0867,F1610,Maize,0.597
B0867,F0516,Maize,0.595
B0868,F0753,Wheat,0.805
B0868,F0040,Maize,0.6
B0868,F0122,Cotton,0.6
B0868,F1352,Millets,0.6
B0868,F1497,Millets,0.599
B0869,F1152,Cotton,0.6
B0869,F1760,Maize,0.597
B0869,F0134,Cotton,0.597
B0869,F0953,Cotton,0.596
B0869,F0503,Cotton,0.596
B0870,F0944,Cotton,0.77
B0870,F1730,Pulses,0.598
B0870,F0493,Rice,0.598
B0870,F0888,Pulses,0.597
B0870,F1435,Sugarcane,0.597
B0871,F0097,Wheat,0.947
B0871,F0078,Sugarcane,0.924
B0871,F1557,Wheat,0.598
B0871,F0642,Pulses,0.598
B0871,F0142,Rice,0.598
B0872,F0925,Rice,0.945
B0872,F0046,Sugarcane,0.856
B0872,F1489,Rice,0.6
B0872,F1146,Pulses,0.6
B0872,F1295,Sugarcane,0.599
B0873,F1290,Rice,0.598
B0873,F1623,Pulses,0.597
B0873,F1385,Rice,0.597
B0873,F0176,Pulses,0.597
B0873,F0995,Sugarcane,0.596
B0874,F1888,Sugarcane,0.811
B0874,F0660,Wheat,0.599
B0874,F1132,Wheat,0.598
B0874,F0402,Sugarcane,0.598
B0874,F1721,Pulses,0.598
B0875,F1759,Barley,0.6
B0875,F0855,Barley,0.599
B0875,F0651,Barley,0.599
B0875,F0829,Barley,0.599
B0875,F1822,Barley,0.597
B0876,F1259,Millets,0.787
B0876,F1683,Cotton,0.6
B0876,F0462,Cotton,0.599
B0876,F1771,Maize,0.599
B0876,F0728,Maize,0.599
B0877,F0619,Barley,0.599
B0877,F1813,Barley,0.596
B0877,F0012,Barley,0.596
B0877,F0157,Barley,0.596
B0877,F0356,Barley,0.595
B0878,F0750,Wheat,0.6
B0878,F0358,Millets,0.599
B0878,F1604,Rice,0.599
B0878,F1787,Sugarcane,0.599
B0878,F1099,Pulses,0.599
B0879,F1860,Rice,0.751
B0879,F1853,Pulses,0.6
B0879,F1562,Sugarcane,0.599
B0879,F1543,Sugarcane,0.598
B0879,F1163,Wheat,0.598
B0880,F1455,Rice,0.599
B0880,F0933,Rice,0.599
B0880,F1290,Rice,0.598
B0880,F0073,Rice,0.598
B0880,F0631,Rice,0.597
B0881,F1808,Cotton,0.718
B0881,F1965,Cotton,0.596
B0881,F0909,Barley,0.595
B0881,F0495,Cotton,0.594
B0881,F1343,Barley,0.593
B0882,F1225,Rice,0.789
B0882,F0654,Cotton,0.599
B0882,F0003,Cotton,0.599
B0882,F1083,Cotton,0.599
B0882,F0230,Cotton,0.598
B0883,F1133,Pulses,0.6
B0883,F1379,Pulses,0.599
B0883,F1838,Sugarcane,0.599
B0883,F1531,Pulses,0.598
B0883,F1949,Sugarcane,0.597
B0884,F0202,Millets,0.866
B0884,F0456,Maize,0.737
B0884,F1906,Wheat,0.6
B0884,F0308,Wheat,0.598
B0884,F0266,Wheat,0.598
B0885,F0683,Barley,0.959
B0885,F1107,Cotton,0.846
B0885,F0541,Barley,0.805
B0885,F1775,Barley,0.6
B0885,F1818,Barley,0.599
B0886,F0039,Rice,0.919
B0886,F1646,Maize,0.723
B0886,F1380,Wheat,0.599
B0886,F1396,Pulses,0.599
B0886,F1154,Wheat,0.598
B0887,F1316,Sugarcane,0.599
B0887,F0602,Millets,0.598
B0887,F0634,Rice,0.598
B0887,F0107,Pulses,0.598
B0887,F0278,Pulses,0.598
B0888,F1144,Barley,0.698
B0888,F0157,Barley,0.599
B0888,F0012,Barley,0.598
B0888,F0619,Barley,0.597
B0888,F1775,Barley,0.594
B0889,F1007,Sugarcane,0.6
B0889,F0919,Sugarcane,0.599
B0889,F1158,Rice,0.599
B0889,F0573,Rice,0.599
B0889,F1388,Sugarcane,0.599
B0890,F0053,Maize,0.599
B0890,F0706,Cotton,0.598
B0890,F1937,Maize,0.598
B0890,F0329,Millets,0.596
B0890,F1274,Maize,0.596
B0891,F1845,Pulses,0.733
B0891,F1596,Millets,0.6
B0891,F0393,Millets,0.6
B0891,F1342,Millets,0.598
B0891,F1191,Maize,0.598
B0892,F1023,Wheat,0.598
B0892,F1304,Pulses,0.597
B0892,F0499,Rice,0.597
B0892,F1431,Rice,0.595
B0892,F0777,Rice,0.595
B0893,F1228,Millets,0.623
B0893,F1007,Sugarcane,0.599
B0893,F0919,Sugarcane,0.599
B0893,F1158,Rice,0.599
B0893,F0581,Pulses,0.598
B0894,F0308,Wheat,0.717
B0894,F0942,Cotton,0.618
B0894,F1117,Barley,0.596
B0894,F1654,Barley,0.595
B0894,F0449,Barley,0.595
B0895,F0302,Rice,0.877
B0895,F1109,Pulses,0.599
B0895,F0326,Pulses,0.599
B0895,F1079,Pulses,0.599
B0895,F1229,Pulses,0.599
B0896,F1066,Maize,0.599
B0896,F1173,Maize,0.597
B0896,F1308,Millets,0.597
B0896,F1592,Maize,0.596
B0896,F1844,Maize,0.596
B0897,F1649,Rice,0.862
B0897,F0754,Wheat,0.816
B0897,F1927,Cotton,0.599
B0897,F1782,Millets,0.598
B0897,F1478,Millets,0.598
B0898,F0389,Rice,0.6
B0898,F0441,Rice,0.599
B0898,F0038,Rice,0.599
B0898,F1761,Millets,0.599
B0898,F1675,Rice,0.599
B0899,F0611,Cotton,0.599
B0899,F0286,Maize,0.599
B0899,F0178,Maize,0.599
B0899,F0883,Maize,0.596
B0899,F1220,Maize,0.596
B0900,F1823,Sugarcane,0.599
B0900,F1590,Millets,0.599
B0900,F1668,Rice,0.599
B0900,F0875,Wheat,0.598
B0900,F1459,Pulses,0.598
B0901,F0891,Barley,0.614
B0901,F1699,Rice,0.599
B0901,F0515,Wheat,0.599
B0901,F0353,Rice,0.598
B0901,F1856,Wheat,0.598
B0902,F0263,Cotton,0.613
B0902,F1591,Sugarcane,0.599
B0902,F1370,Wheat,0.597
B0902,F1097,Wheat,0.596
B0902,F1735,Rice,0.596
B0903,F0090,Wheat,0.799
B0903,F0919,Sugarcane,0.788
B0903,F0283,Pulses,0.6
B0903,F1362,Pulses,0.599
B0903,F1604,Rice,0.598
B0904,F1537,Rice,0.922
B0904,F1173,Maize,0.912
B0904,F0018,Millets,0.848
B0904,F0207,Millets,0.667
B0904,F0020,Maize,0.599
B0905,F0437,Millets,0.722
B0905,F0720,Sugarcane,0.6
B0905,F0056,Sugarcane,0.599
B0905,F0123,Wheat,0.599
B0905,F0413,Pulses,0.599
B0906,F0655,Pulses,0.64
B0906,F1638,Cotton,0.599
B0906,F0951,Maize,0.599
B0906,F1931,Millets,0.596
B0906,F0288,Cotton,0.595
B0907,F1598,Cotton,0.766
B0907,F1772,Maize,0.599
B0907,F0178,Maize,0.599
B0907,F0883,Maize,0.599
B0907,F0611,Cotton,0.598
B0908,F0440,Maize,0.721
B0908,F1534,Cotton,0.598
B0908,F0239,Maize,0.597
B0908,F0577,Cotton,0.597
B0908,F0391,Maize,0.596
B0909,F0350,Barley,0.6
B0909,F1512,Barley,0.6
B0909,F0298,Barley,0.6
B0909,F0370,Barley,0.599
B0909,F0194,Barley,0.599
B0910,F1642,Rice,0.598
B0910,F0379,Wheat,0.598
B0910,F1712,Rice,0.596
B0910,F1097,Wheat,0.596
B0910,F1529,Pulses,0.595
B0911,F1282,Barley,0.866
B0911,F1449,Pulses,0.729
B0911,F0767,Cotton,0.599
B0911,F1635,Cotton,0.598
B0911,F0831,Cotton,0.598
B0912,F0284,Barley,0.615
B0912,F0586,Barley,0.6
B0912,F1038,Barley,0.6
B0912,F1427,Barley,0.598
B0912,F1092,Barley,0.596
B0913,F0840,Cotton,0.598
B0913,F0752,Cotton,0.598
B0913,F0705,Cotton,0.597
B0913,F0385,Cotton,0.596
B0913,F0880,Cotton,0.596
B0914,F0988,Sugarcane,0.861
B0914,F1916,Wheat,0.763
B0914,F1777,Wheat,0.599
B0914,F0026,Pulses,0.599
B0914,F1374,Wheat,0.598
B0915,F1092,Barley,0.843
B0915,F0595,Sugarcane,0.831
B0915,F0977,Millets,0.597
B0915,F1178,Millets,0.597
B0915,F0868,Pulses,0.596
B0916,F1897,Pulses,0.795
B0916,F0462,Cotton,0.6
B0916,F0186,Cotton,0.599
B0916,F0031,Cotton,0.599
B0916,F1556,Cotton,0.599
B0917,F0046,Sugarcane,0.906
B0917,F0360,Maize,0.795
B0917,F0726,Cotton,0.789
B0917,F1366,Pulses,0.599
B0917,F0933,Rice,0.599
B0918,F1394,Pulses,0.599
B0918,F0029,Millets,0.599
B0918,F1873,Maize,0.598
B0918,F1246,Millets,0.598
B0918,F1502,Pulses,0.598
B0919,F0112,Barley,0.658
B0919,F0737,Sugarcane,0.6
B0919,F0088,Rice,0.6
B0919,F0621,Sugarcane,0.599
B0919,F1312,Wheat,0.599
B0920,F1992,Maize,0.599
B0920,F0658,Maize,0.599
B0920,F1049,Cotton,0.599
B0920,F1676,Cotton,0.598
B0920,F0845,Cotton,0.598
B0921,F0977,Millets,0.721
B0921,F1113,Millets,0.6
B0921,F1161,Millets,0.599
B0921,F0484,Pulses,0.599
B0921,F0872,Millets,0.598
B0922,F0602,Millets,0.599
B0922,F1316,Sugarcane,0.599
B0922,F1523,Rice,0.597
B0922,F1420,Rice,0.597
B0922,F1954,Sugarcane,0.597
B0923,F1866,Wheat,0.599
B0923,F1252,Pulses,0.599
B0923,F1037,Millets,0.599
B0923,F1563,Sugarcane,0.599
B0923,F0023,Wheat,0.599
B0924,F0930,Rice,0.687
B0924,F1685,Barley,0.6
B0924,F1114,Barley,0.6
B0924,F1818,Barley,0.599
B0924,F1698,Barley,0.599
B0925,F1402,Maize,0.863
B0925,F0137,Rice,0.598
B0925,F1257,Pulses,0.598
B0925,F1300,Wheat,0.597
B0925,F0986,Wheat,0.597
B0926,F0366,Barley,0.862
B0926,F0544,Wheat,0.803
B0926,F0346,Barley,0.6
B0926,F0550,Barley,0.6
B0926,F0841,Barley,0.6
B0927,F1034,Pulses,0.801
B0927,F0037,Sugarcane,0.707
B0927,F0793,Cotton,0.6
B0927,F1621,Cotton,0.599
B0927,F1765,Cotton,0.599
B0928,F0240,Millets,0.892
B0928,F0456,Maize,0.597
B0928,F1789,Cotton,0.597
B0928,F1894,Maize,0.597
B0928,F1973,Maize,0.596
B0929,F1550,Millets,0.599
B0929,F0702,Millets,0.599
B0929,F0532,Millets,0.599
B0929,F1016,Pulses,0.595
B0929,F1122,Maize,0.594
B0930,F1006,Cotton,0.6
B0930,F1928,Maize,0.599
B0930,F0736,Maize,0.598
B0930,F1040,Maize,0.598
B0930,F0337,Cotton,0.597
B0931,F1527,Barley,0.876
B0931,F1427,Barley,0.6
B0931,F0586,Barley,0.598
B0931,F1038,Barley,0.595
B0931,F0125,Cotton,0.586
B0932,F1536,Wheat,0.599
B0932,F0248,Rice,0.599
B0932,F1923,Sugarcane,0.599
B0932,F1913,Wheat,0.598
B0932,F1810,Wheat,0.597
B0933,F0494,Pulses,0.925
B0933,F0797,Cotton,0.795
B0933,F1213,Wheat,0.6
B0933,F1009,Sugarcane,0.6
B0933,F1601,Millets,0.599
B0934,F0793,Cotton,0.804
B0934,F1324,Pulses,0.702
B0934,F1513,Cotton,0.598
B0934,F1463,Cotton,0.598
B0934,F0647,Cotton,0.597
B0935,F0466,Barley,0.6
B0935,F0110,Barley,0.6
B0935,F0188,Barley,0.6
B0935,F0365,Barley,0.599
B0935,F0139,Barley,0.599
B0936,F1444,Maize,0.599
B0936,F0019,Millets,0.599
B0936,F0219,Millets,0.599
B0936,F1059,Pulses,0.599
B0936,F0664,Pulses,0.599
B0937,F0294,Wheat,0.6
B0937,F0489,Rice,0.6
B0937,F0679,Wheat,0.599
B0937,F0352,Rice,0.599
B0937,F0687,Pulses,0.599
B0938,F1095,Wheat,0.808
B0938,F0779,Millets,0.6
B0938,F0448,Pulses,0.599
B0938,F0795,Rice,0.599
B0938,F1962,Rice,0.599
B0939,F0013,Maize,0.791
B0939,F0056,Sugarcane,0.732
B0939,F0194,Barley,0.599
B0939,F1634,Barley,0.599
B0939,F1116,Barley,0.598
B0940,F0387,Maize,0.889
B0940,F1397,Maize,0.596
B0940,F1592,Maize,0.595
B0940,F1346,Maize,0.595
B0940,F0040,Maize,0.594
B0941,F0128,Rice,0.6
B0941,F0774,Sugarcane,0.6
B0941,F1498,Millets,0.599
B0941,F1091,Sugarcane,0.599
B0941,F0422,Wheat,0.597
B0942,F1319,Wheat,0.825
B0942,F1074,Maize,0.805
B0942,F1066,Maize,0.599
B0942,F1308,Millets,0.598
B0942,F1342,Millets,0.597
B0943,F1311,Maize,0.917
B0943,F0493,Rice,0.749
B0943,F0590,Cotton,0.599
B0943,F1857,Cotton,0.599
B0943,F0738,Cotton,0.598
B0944,F1796,Wheat,0.881
B0944,F1097,Wheat,0.752
B0944,F1667,Millets,0.599
B0944,F1178,Millets,0.598
B0944,F1531,Pulses,0.597
B0945,F0322,Cotton,0.594
B0945,F0036,Cotton,0.593
B0945,F1544,Cotton,0.592
B0945,F0776,Cotton,0.591
B0945,F1665,Maize,0.59
B0946,F1564,Wheat,0.93
B0946,F1816,Maize,0.698
B0946,F0480,Sugarcane,0.6
B0946,F1963,Wheat,0.599
B0946,F0954,Sugarcane,0.599
B0947,F1665,Maize,0.597
B0947,F1844,Maize,0.596
B0947,F1173,Maize,0.595
B0947,F0719,Millets,0.593
B0947,F1066,Maize,0.593
B0948,F1598,Cotton,0.812
B0948,F1321,Millets,0.76
B0948,F0147,Maize,0.697
B0948,F1345,Barley,0.6
B0948,F0564,Barley,0.6
B0949,F0555,Rice,0.69
B0949,F0176,Pulses,0.599
B0949,F0283,Pulses,0.599
B0949,F0631,Rice,0.599
B0949,F1936,Millets,0.598
B0950,F0015,Millets,0.881
B0950,F0323,Sugarcane,0.599
B0950,F0276,Sugarcane,0.599
B0950,F1473,Rice,0.598
B0950,F1845,Pulses,0.598
B0951,F0117,Rice,0.617
B0951,F0662,Maize,0.6
B0951,F1311,Maize,0.599
B0951,F0810,Cotton,0.599
B0951,F1428,Maize,0.598
B0952,F0230,Cotton,0.69
B0952,F1962,Rice,0.599
B0952,F0795,Rice,0.599
B0952,F0985,Millets,0.599
B0952,F1537,Rice,0.599
B0953,F1297,Maize,0.713
B0953,F1638,Cotton,0.599
B0953,F0951,Maize,0.598
B0953,F1372,Maize,0.598
B0953,F1770,Cotton,0.597
B0954,F1637,Rice,0.874
B0954,F0086,Maize,0.822
B0954,F0827,Maize,0.6
B0954,F1930,Maize,0.599
B0954,F1207,Cotton,0.599
B0955,F1523,Rice,0.596
B0955,F1426,Pulses,0.596
B0955,F0703,Rice,0.596
B0955,F0084,Millets,0.595
B0955,F1122,Maize,0.595
B0956,F0341,Maize,0.599
B0956,F0767,Cotton,0.598
B0956,F1566,Maize,0.598
B0956,F1266,Maize,0.598
B0956,F0945,Cotton,0.597
B0957,F0856,Cotton,0.645
B0957,F1160,Sugarcane,0.6
B0957,F0281,Sugarcane,0.599
B0957,F1084,Sugarcane,0.597
B0957,F0635,Wheat,0.596
B0958,F1734,Sugarcane,0.702
B0958,F1596,Millets,0.599
B0958,F0393,Millets,0.599
B0958,F0099,Pulses,0.598
B0958,F1342,Millets,0.597
B0959,F1881,Pulses,0.837
B0959,F0878,Wheat,0.822
B0959,F0305,Wheat,0.796
B0959,F1224,Barley,0.77
B0959,F1977,Barley,0.654
B0960,F0288,Cotton,0.679
B0960,F1373,Millets,0.6
B0960,F1479,Pulses,0.6
B0960,F0177,Maize,0.599
B0960,F1339,Pulses,0.598
B0961,F1575,Millets,0.765
B0961,F0537,Millets,0.599
B0961,F1230,Maize,0.598
B0961,F0516,Maize,0.597
B0961,F0270,Maize,0.597
B0962,F1355,Wheat,0.911
B0962,F0775,Wheat,0.777
B0962,F0127,Wheat,0.6
B0962,F0785,Wheat,0.6
B0962,F0994,Sugarcane,0.599
B0963,F1760,Maize,0.6
B0963,F1372,Maize,0.599
B0963,F1440,Maize,0.597
B0963,F0652,Millets,0.597
B0963,F0386,Millets,0.597
B0964,F0657,Barley,0.599
B0964,F0598,Barley,0.599
B0964,F1896,Barley,0.599
B0964,F1505,Barley,0.598
B0964,F1174,Barley,0.598
B0965,F0350,Barley,0.599
B0965,F1822,Barley,0.598
B0965,F0370,Barley,0.597
B0965,F1512,Barley,0.597
B0965,F0651,Barley,0.597
B0966,F1848,Millets,0.599
B0966,F0162,Rice,0.599
B0966,F0301,Rice,0.599
B0966,F0416,Rice,0.599
B0966,F0998,Sugarcane,0.599
B0967,F1030,Cotton,0.8
B0967,F0296,Sugarcane,0.599
B0967,F0552,Sugarcane,0.599
B0967,F1194,Millets,0.599
B0967,F0054,Sugarcane,0.599
B0968,F1809,Sugarcane,0.778
B0968,F0528,Wheat,0.6
B0968,F0131,Sugarcane,0.599
B0968,F0987,Sugarcane,0.599
B0968,F1218,Wheat,0.597
B0969,F1553,Barley,0.849
B0969,F1267,Barley,0.798
B0969,F0348,Sugarcane,0.768
B0969,F1407,Wheat,0.709
B0969,F1266,Maize,0.599
B0970,F0710,Millets,0.69
B0970,F0578,Pulses,0.6
B0970,F1042,Wheat,0.6
B0970,F1060,Sugarcane,0.599
B0970,F0877,Wheat,0.599
B0971,F1730,Pulses,0.599
B0971,F0937,Pulses,0.596
B0971,F0493,Rice,0.596
B0971,F1435,Sugarcane,0.596
B0971,F0888,Pulses,0.596
B0972,F1891,Wheat,0.814
B0972,F0157,Barley,0.6
B0972,F0012,Barley,0.595
B0972,F0242,Barley,0.595
B0972,F1030,Cotton,0.593
B0973,F1514,Rice,0.709
B0973,F1213,Wheat,0.6
B0973,F1009,Sugarcane,0.599
B0973,F1601,Millets,0.599
B0973,F1039,Rice,0.599
B0974,F1844,Maize,0.598
B0974,F1173,Maize,0.597
B0974,F1544,Cotton,0.596
B0974,F0776,Cotton,0.595
B0974,F1413,Cotton,0.594
B0975,F1607,Wheat,0.599
B0975,F0529,Wheat,0.598
B0975,F1817,Wheat,0.598
B0975,F0305,Wheat,0.598
B0975,F1296,Wheat,0.598
B0976,F1698,Barley,0.6
B0976,F1542,Barley,0.6
B0976,F0079,Barley,0.6
B0976,F0829,Barley,0.599
B0976,F1398,Barley,0.598
B0977,F1064,Cotton,0.6
B0977,F1471,Cotton,0.599
B0977,F0395,Maize,0.598
B0977,F1266,Maize,0.598
B0977,F0810,Cotton,0.597
B0978,F0191,Barley,0.831
B0978,F1580,Maize,0.597
B0978,F0951,Maize,0.596
B0978,F1664,Maize,0.596
B0978,F1770,Cotton,0.596
B0979,F0760,Barley,0.6
B0979,F1703,Barley,0.6
B0979,F0079,Barley,0.599
B0979,F1398,Barley,0.599
B0979,F1698,Barley,0.599
B0980,F0887,Rice,0.598
B0980,F1488,Rice,0.598
B0980,F1800,Rice,0.598
B0980,F1879,Sugarcane,0.597
B0980,F1964,Wheat,0.597
B0981,F0796,Barley,0.599
B0981,F1264,Barley,0.598
B0981,F1116,Barley,0.596
B0981,F1977,Barley,0.596
B0981,F1634,Barley,0.595
B0982,F1535,Maize,0.83
B0982,F0067,Sugarcane,0.6
B0982,F0632,Sugarcane,0.6
B0982,F0406,Sugarcane,0.6
B0982,F1109,Pulses,0.599
B0983,F1272,Pulses,0.839
B0983,F0834,Sugarcane,0.839
B0983,F1735,Rice,0.6
B0983,F0574,Wheat,0.599
B0983,F1819,Wheat,0.598
B0984,F1402,Maize,0.95
B0984,F1715,Pulses,0.82
B0984,F1984,Maize,0.6
B0984,F1172,Maize,0.599
B0984,F0219,Millets,0.598
B0985,F1133,Pulses,0.956
B0985,F1350,Cotton,0.599
B0985,F1483,Pulses,0.598
B0985,F1005,Rice,0.596
B0985,F0329,Millets,0.596
B0986,F1838,Sugarcane,0.922
B0986,F1381,Pulses,0.835
B0986,F1554,Sugarcane,0.6
B0986,F0895,Sugarcane,0.6
B0986,F0205,Sugarcane,0.6
B0987,F0446,Maize,0.847
B0987,F0649,Millets,0.599
B0987,F0147,Maize,0.598
B0987,F0858,Maize,0.598
B0987,F1716,Millets,0.598
B0988,F1950,Barley,0.597
B0988,F1527,Barley,0.597
B0988,F1389,Barley,0.594
B0988,F0201,Barley,0.594
B0988,F1889,Barley,0.594
B0989,F0234,Sugarcane,0.922
B0989,F2000,Rice,0.904
B0989,F0985,Millets,0.808
B0989,F0887,Rice,0.598
B0989,F1964,Wheat,0.598
B0990,F0850,Pulses,0.945
B0990,F1222,Wheat,0.804
B0990,F1379,Pulses,0.6
B0990,F1838,Sugarcane,0.599
B0990,F1957,Pulses,0.599
B0991,F0917,Wheat,0.856
B0991,F1089,Millets,0.852
B0991,F1422,Rice,0.6
B0991,F1618,Rice,0.599
B0991,F0450,Pulses,0.599
B0992,F0373,Wheat,0.895
B0992,F1926,Cotton,0.687
B0992,F0348,Sugarcane,0.599
B0992,F1522,Rice,0.599
B0992,F0977,Millets,0.597
B0993,F0807,Millets,0.839
B0993,F1654,Barley,0.638
B0993,F0161,Barley,0.611
B0993,F0642,Pulses,0.599
B0993,F1557,Wheat,0.599
B0994,F1852,Rice,0.826
B0994,F0299,Cotton,0.599
B0994,F1419,Cotton,0.599
B0994,F1083,Cotton,0.599
B0994,F1049,Cotton,0.599
B0995,F0172,Cotton,0.878
B0995,F0978,Millets,0.6
B0995,F1934,Maize,0.599
B0995,F0013,Maize,0.599
B0995,F0968,Pulses,0.599
B0996,F0684,Sugarcane,0.829
B0996,F0261,Rice,0.6
B0996,F1304,Pulses,0.598
B0996,F1431,Rice,0.598
B0996,F1096,Wheat,0.596
B0997,F1055,Rice,0.851
B0997,F0499,Rice,0.798
B0997,F0867,Cotton,0.765
B0997,F1189,Maize,0.6
B0997,F0411,Maize,0.6
B0998,F0105,Wheat,0.866
B0998,F1079,Pulses,0.631
B0998,F1122,Maize,0.599
B0998,F0532,Millets,0.598
B0998,F1709,Millets,0.598
B0999,F1601,Millets,0.863
B0999,F1721,Pulses,0.8
B0999,F0618,Millets,0.663
B0999,F0528,Wheat,0.6
B0999,F0131,Sugarcane,0.599
B1000,F0281,Sugarcane,0.798
B1000,F0295,Wheat,0.599
B1000,F1393,Millets,0.599
B1000,F0034,Wheat,0.598
B1000,F0679,Wheat,0.597
B1001,F0567,Wheat,0.599
B1001,F0828,Wheat,0.599
B1001,F1203,Sugarcane,0.599
B1001,F0241,Wheat,0.598
B1001,F0932,Sugarcane,0.598
B1002,F1379,Pulses,0.599
B1002,F1133,Pulses,0.599
B1002,F1531,Pulses,0.599
B1002,F1838,Sugarcane,0.599
B1002,F1480,Millets,0.597
B1003,F1313,Rice,0.767
B1003,F0156,Wheat,0.644
B1003,F0063,Cotton,0.599
B1003,F0288,Cotton,0.596
B1003,F0495,Cotton,0.595
B1004,F1878,Wheat,0.711
B1004,F1303,Barley,0.6
B1004,F0257,Barley,0.597
B1004,F1054,Barley,0.596
B1004,F1846,Barley,0.596
B1005,F1396,Pulses,0.855
B1005,F1433,Pulses,0.6
B1005,F0834,Sugarcane,0.599
B1005,F0576,Pulses,0.599
B1005,F0626,Wheat,0.599
B1006,F1890,Cotton,0.743
B1006,F0308,Wheat,0.6
B1006,F0714,Sugarcane,0.599
B1006,F1225,Rice,0.599
B1006,F1906,Wheat,0.599
B1007,F1949,Sugarcane,0.6
B1007,F1442,Wheat,0.599
B1007,F1458,Sugarcane,0.599
B1007,F0936,Rice,0.599
B1007,F0293,Rice,0.599
B1008,F0750,Wheat,0.6
B1008,F0358,Millets,0.6
B1008,F1787,Sugarcane,0.6
B1008,F1099,Pulses,0.6
B1008,F1604,Rice,0.599
B1009,F0095,Pulses,0.753
B1009,F0635,Wheat,0.6
B1009,F0740,Sugarcane,0.6
B1009,F0158,Wheat,0.599
B1009,F1042,Wheat,0.599
B1010,F1428,Maize,0.599
B1010,F0395,Maize,0.599
B1010,F0810,Cotton,0.599
B1010,F1311,Maize,0.599
B1010,F0920,Millets,0.599
B1011,F0250,Maize,0.825
B1011,F1720,Rice,0.801
B1011,F1619,Pulses,0.599
B1011,F1612,Pulses,0.599
B1011,F1105,Pulses,0.599
B1012,F0356,Barley,0.599
B1012,F0619,Barley,0.598
B1012,F0683,Barley,0.598
B1012,F1813,Barley,0.598
B1012,F1398,Barley,0.591
B1013,F0516,Maize,0.862
B1013,F0632,Sugarcane,0.6
B1013,F0067,Sugarcane,0.599
B1013,F0414,Rice,0.599
B1013,F0406,Sugarcane,0.599
B1014,F0113,Millets,0.869
B1014,F0421,Wheat,0.813
B1014,F1352,Millets,0.599
B1014,F0040,Maize,0.599
B1014,F0122,Cotton,0.598
B1015,F0158,Wheat,0.6
B1015,F0836,Sugarcane,0.599
B1015,F0877,Wheat,0.599
B1015,F0852,Wheat,0.599
B1015,F0740,Sugarcane,0.599
B1016,F1029,Cotton,0.915
B1016,F1497,Millets,0.6
B1016,F1899,Millets,0.599
B1016,F0122,Cotton,0.599
B1016,F0040,Maize,0.599
B1017,F0591,Rice,0.75
B1017,F1096,Wheat,0.6
B1017,F0639,Wheat,0.599
B1017,F0315,Maize,0.598
B1017,F0143,Sugarcane,0.597
B1018,F1722,Maize,0.599
B1018,F0456,Maize,0.595
B1018,F0322,Cotton,0.595
B1018,F0036,Cotton,0.594
B1018,F1789,Cotton,0.594
B1019,F0703,Rice,0.599
B1019,F1122,Maize,0.596
B1019,F1016,Pulses,0.595
B1019,F1498,Millets,0.592
B1019,F0499,Rice,0.591
B1020,F1947,Rice,0.814
B1020,F1242,Sugarcane,0.6
B1020,F1817,Wheat,0.599
B1020,F0465,Sugarcane,0.598
B1020,F1235,Wheat,0.597
B1021,F1210,Cotton,0.6
B1021,F0341,Maize,0.599
B1021,F0880,Cotton,0.598
B1021,F0767,Cotton,0.598
B1021,F1320,Maize,0.598
B1022,F0495,Cotton,0.965
B1022,F0469,Cotton,0.596
B1022,F0063,Cotton,0.595
B1022,F0288,Cotton,0.595
B1022,F0951,Maize,0.595
B1023,F1780,Millets,0.739
B1023,F1082,Cotton,0.599
B1023,F1981,Cotton,0.599
B1023,F0469,Cotton,0.598
B1023,F0706,Cotton,0.598
B1024,F0531,Rice,0.894
B1024,F0294,Wheat,0.6
B1024,F0489,Rice,0.6
B1024,F0352,Rice,0.599
B1024,F0687,Pulses,0.599
B1025,F0270,Maize,0.839
B1025,F1603,Wheat,0.774
B1025,F1797,Barley,0.64
B1025,F0608,Millets,0.599
B1025,F1190,Millets,0.599
B1026,F0668,Sugarcane,0.758
B1026,F1430,Barley,0.6
B1026,F1935,Barley,0.599
B1026,F1629,Barley,0.599
B1026,F1797,Barley,0.599
B1027,F0174,Sugarcane,0.6
B1027,F1833,Sugarcane,0.599
B1027,F0034,Wheat,0.599
B1027,F0295,Wheat,0.599
B1027,F0039,Rice,0.598
B1028,F1954,Sugarcane,0.6
B1028,F0445,Sugarcane,0.6
B1028,F1407,Wheat,0.599
B1028,F0602,Millets,0.598
B1028,F1316,Sugarcane,0.598
B1029,F1791,Cotton,0.83
B1029,F0201,Barley,0.752
B1029,F0830,Millets,0.599
B1029,F0393,Millets,0.599
B1029,F1342,Millets,0.598
B1030,F1713,Cotton,0.599
B1030,F0216,Cotton,0.599
B1030,F1832,Cotton,0.599
B1030,F1643,Cotton,0.599
B1030,F0729,Cotton,0.597
B1031,F0276,Sugarcane,0.599
B1031,F0323,Sugarcane,0.599
B1031,F1845,Pulses,0.598
B1031,F1473,Rice,0.598
B1031,F1901,Sugarcane,0.598
B1032,F0161,Barley,0.599
B1032,F0168,Barley,0.598
B1032,F0960,Barley,0.593
B1032,F0790,Barley,0.593
B1032,F0776,Cotton,0.591
B1033,F0012,Barley,0.919
B1033,F0649,Millets,0.599
B1033,F0147,Maize,0.599
B1033,F1716,Millets,0.599
B1033,F0858,Maize,0.598
B1034,F0211,Barley,0.78
B1034,F0169,Barley,0.749
B1034,F0148,Maize,0.599
B1034,F0374,Millets,0.599
B1034,F1902,Cotton,0.599
B1035,F0457,Pulses,0.6
B1035,F0863,Wheat,0.599
B1035,F0833,Maize,0.599
B1035,F1202,Wheat,0.599
B1035,F0757,Wheat,0.599
B1036,F0178,Maize,0.715
B1036,F0794,Sugarcane,0.655
B1036,F0719,Millets,0.599
B1036,F1208,Pulses,0.598
B1036,F1426,Pulses,0.596
B1037,F0647,Cotton,0.599
B1037,F0739,Cotton,0.596
B1037,F1413,Cotton,0.595
B1037,F0790,Barley,0.594
B1037,F0319,Barley,0.592
B1038,F0670,Barley,0.874
B1038,F0588,Maize,0.6
B1038,F1067,Cotton,0.6
B1038,F0411,Maize,0.599
B1038,F1400,Cotton,0.598
B1039,F0480,Sugarcane,0.853
B1039,F1099,Pulses,0.785
B1039,F0192,Maize,0.689
B1039,F0918,Sugarcane,0.6
B1039,F0637,Rice,0.599
B1040,F1807,Sugarcane,0.761
B1040,F0922,Barley,0.6
B1040,F0189,Barley,0.6
B1040,F1636,Barley,0.599
B1040,F1485,Barley,0.599
B1041,F0157,Barley,0.598
B1041,F1813,Barley,0.595
B1041,F0630,Barley,0.594
B1041,F0012,Barley,0.594
B1041,F0619,Barley,0.594
B1042,F1634,Barley,0.766
B1042,F1834,Maize,0.6
B1042,F0845,Cotton,0.599
B1042,F1676,Cotton,0.599
B1042,F1328,Cotton,0.599
B1043,F0023,Wheat,0.958
B1043,F1935,Barley,0.766
B1043,F0779,Millets,0.6
B1043,F0448,Pulses,0.599
B1043,F1331,Pulses,0.599
B1044,F1447,Millets,0.599
B1044,F0661,Millets,0.599
B1044,F1375,Maize,0.599
B1044,F1032,Millets,0.597
B1044,F0290,Millets,0.597
B1045,F1427,Barley,0.6
B1045,F0586,Barley,0.597
B1045,F1038,Barley,0.594
B1045,F0125,Cotton,0.586
B1045,F1092,Barley,0.584
B1046,F0387,Maize,0.838
B1046,F1214,Pulses,0.6
B1046,F0183,Pulses,0.599
B1046,F1175,Rice,0.599
B1046,F1457,Pulses,0.598
B1047,F0913,Cotton,0.902
B1047,F1162,Cotton,0.599
B1047,F0840,Cotton,0.599
B1047,F1069,Cotton,0.599
B1047,F0490,Cotton,0.599
B1048,F0660,Wheat,0.599
B1048,F0561,Sugarcane,0.598
B1048,F0402,Sugarcane,0.598
B1048,F0917,Wheat,0.598
B1048,F1721,Pulses,0.598
B1049,F1006,Cotton,0.845
B1049,F1385,Rice,0.83
B1049,F1478,Millets,0.599
B1049,F0073,Rice,0.599
B1049,F1392,Pulses,0.599
B1050,F0095,Pulses,0.796
B1050,F1605,Sugarcane,0.727
B1050,F1898,Maize,0.599
B1050,F1501,Maize,0.599
B1050,F0341,Maize,0.599
B1051,F1862,Pulses,0.6
B1051,F1423,Maize,0.599
B1051,F0966,Rice,0.599
B1051,F1514,Rice,0.599
B1051,F0724,Rice,0.598
B1052,F0499,Rice,0.597
B1052,F1023,Wheat,0.595
B1052,F1304,Pulses,0.593
B1052,F0919,Sugarcane,0.591
B1052,F0777,Rice,0.591
B1053,F0009,Barley,0.726
B1053,F0123,Wheat,0.6
B1053,F0545,Rice,0.599
B1053,F0130,Sugarcane,0.599
B1053,F0489,Rice,0.599
B1054,F1963,Wheat,0.809
B1054,F1178,Millets,0.598
B1054,F0990,Millets,0.597
B1054,F1667,Millets,0.596
B1054,F1180,Maize,0.595
B1055,F0811,Maize,0.599
B1055,F1019,Millets,0.599
B1055,F1921,Maize,0.599
B1055,F0403,Maize,0.598
B1055,F1974,Millets,0.598
B1056,F0412,Millets,0.597
B1056,F0807,Millets,0.595
B1056,F1931,Millets,0.594
B1056,F0176,Pulses,0.594
B1056,F1623,Pulses,0.594
B1057,F0853,Cotton,0.812
B1057,F0027,Pulses,0.599
B1057,F0047,Millets,0.599
B1057,F1662,Maize,0.599
B1057,F0969,Pulses,0.598
B1058,F0184,Maize,0.727
B1058,F1183,Millets,0.597
B1058,F1208,Pulses,0.596
B1058,F1180,Maize,0.596
B1058,F1523,Rice,0.595
B1059,F1953,Maize,0.6
B1059,F0728,Maize,0.599
B1059,F1771,Maize,0.599
B1059,F0901,Cotton,0.598
B1059,F0662,Maize,0.598
B1060,F1986,Pulses,0.774
B1060,F1827,Pulses,0.6
B1060,F1248,Pulses,0.6
B1060,F0292,Maize,0.6
B1060,F0258,Pulses,0.599
B1061,F0588,Maize,0.599
B1061,F0716,Millets,0.598
B1061,F1067,Cotton,0.598
B1061,F1400,Cotton,0.597
B1061,F0411,Maize,0.597
B1062,F0906,Wheat,0.779
B1062,F0868,Pulses,0.599
B1062,F0977,Millets,0.598
B1062,F0807,Millets,0.596
B1062,F0897,Pulses,0.595
B1063,F0623,Barley,0.893
B1063,F0901,Cotton,0.6
B1063,F0726,Cotton,0.6
B1063,F1049,Cotton,0.6
B1063,F0100,Cotton,0.598
B1064,F1866,Wheat,0.753
B1064,F0629,Barley,0.6
B1064,F1058,Barley,0.6
B1064,F0787,Barley,0.599
B1064,F0496,Barley,0.599
B1065,F1639,Rice,0.6
B1065,F0799,Rice,0.6
B1065,F1842,Pulses,0.6
B1065,F0973,Rice,0.599
B1065,F1773,Rice,0.598
B1066,F1355,Wheat,0.964
B1066,F1437,Pulses,0.854
B1066,F0478,Millets,0.6
B1066,F1663,Sugarcane,0.6
B1066,F1830,Rice,0.6
B1067,F0894,Cotton,0.599
B1067,F1701,Cotton,0.599
B1067,F1279,Cotton,0.598
B1067,F1376,Cotton,0.598
B1067,F0682,Cotton,0.598
B1068,F1912,Pulses,0.6
B1068,F1077,Pulses,0.6
B1068,F0926,Maize,0.599
B1068,F1861,Pulses,0.599
B1068,F0708,Millets,0.599
B1069,F1937,Maize,0.598
B1069,F1082,Cotton,0.598
B1069,F1664,Maize,0.598
B1069,F0706,Cotton,0.598
B1069,F0955,Maize,0.597
B1070,F1862,Pulses,0.6
B1070,F0724,Rice,0.599
B1070,F1423,Maize,0.599
B1070,F1514,Rice,0.599
B1070,F1171,Millets,0.599
B1071,F0314,Barley,0.653
B1071,F0242,Barley,0.598
B1071,F0157,Barley,0.598
B1071,F0012,Barley,0.595
B1071,F0503,Cotton,0.593
B1072,F0189,Barley,0.901
B1072,F0008,Cotton,0.599
B1072,F1890,Cotton,0.599
B1072,F1556,Cotton,0.598
B1072,F0765,Cotton,0.598
B1073,F1339,Pulses,0.6
B1073,F1479,Pulses,0.6
B1073,F0778,Millets,0.6
B1073,F0410,Pulses,0.599
B1073,F0262,Pulses,0.599
B1074,F0963,Pulses,0.6
B1074,F1286,Pulses,0.6
B1074,F0587,Pulses,0.6
B1074,F0244,Rice,0.599
B1074,F0823,Pulses,0.599
B1075,F0564,Barley,0.726
B1075,F0233,Sugarcane,0.6
B1075,F0614,Wheat,0.597
B1075,F1882,Wheat,0.597
B1075,F0026,Pulses,0.596
B1076,F1210,Cotton,0.866
B1076,F0599,Sugarcane,0.63
B1076,F1066,Maize,0.598
B1076,F1173,Maize,0.595
B1076,F1346,Maize,0.595
B1077,F1957,Pulses,0.6
B1077,F1838,Sugarcane,0.599
B1077,F1379,Pulses,0.599
B1077,F1976,Rice,0.599
B1077,F0712,Wheat,0.599
B1078,F1160,Sugarcane,0.6
B1078,F0281,Sugarcane,0.6
B1078,F0635,Wheat,0.598
B1078,F1084,Sugarcane,0.597
B1078,F0324,Wheat,0.596
B1079,F1198,Maize,0.659
B1079,F0214,Barley,0.6
B1079,F0439,Barley,0.6
B1079,F1371,Barley,0.6
B1079,F0860,Barley,0.599
B1080,F0764,Wheat,0.598
B1080,F1908,Rice,0.597
B1080,F0034,Wheat,0.597
B1080,F0574,Wheat,0.597
B1080,F0941,Sugarcane,0.597
B1081,F0112,Barley,0.798
B1081,F0131,Sugarcane,0.73
B1081,F1259,Millets,0.599
B1081,F1628,Rice,0.599
B1081,F0118,Pulses,0.599
B1082,F0959,Wheat,0.715
B1082,F1082,Cotton,0.599
B1082,F0469,Cotton,0.599
B1082,F1620,Cotton,0.595
B1082,F1981,Cotton,0.595
B1083,F1572,Millets,0.599
B1083,F0615,Pulses,0.599
B1083,F1968,Millets,0.598
B1083,F0800,Maize,0.598
B1083,F0648,Rice,0.598
B1084,F1188,Rice,0.599
B1084,F0930,Rice,0.598
B1084,F1252,Pulses,0.598
B1084,F1080,Rice,0.598
B1084,F0238,Pulses,0.598
B1085,F0157,Barley,0.599
B1085,F1030,Cotton,0.593
B1085,F0012,Barley,0.593
B1085,F0063,Cotton,0.592
B1085,F0242,Barley,0.592
B1086,F1268,Sugarcane,0.6
B1086,F1510,Sugarcane,0.599
B1086,F1404,Pulses,0.599
B1086,F0340,Sugarcane,0.598
B1086,F0315,Maize,0.595
B1087,F0344,Wheat,0.6
B1087,F1217,Pulses,0.6
B1087,F1521,Pulses,0.599
B1087,F1584,Millets,0.599
B1087,F0804,Rice,0.599
B1088,F0668,Sugarcane,0.6
B1088,F1976,Rice,0.6
B1088,F1250,Sugarcane,0.6
B1088,F1458,Sugarcane,0.599
B1088,F1957,Pulses,0.599
B1089,F1473,Rice,0.873
B1089,F1600,Cotton,0.598
B1089,F1064,Cotton,0.597
B1089,F1205,Cotton,0.596
B1089,F1471,Cotton,0.596
B1090,F1835,Sugarcane,0.818
B1090,F1427,Barley,0.613
B1090,F1422,Rice,0.6
B1090,F0450,Pulses,0.6
B1090,F1604,Rice,0.599
B1091,F0664,Pulses,0.963
B1091,F0855,Barley,0.923
B1091,F0649,Millets,0.599
B1091,F1953,Maize,0.599
B1091,F0610,Millets,0.599
B1092,F1522,Rice,0.796
B1092,F1160,Sugarcane,0.6
B1092,F0281,Sugarcane,0.599
B1092,F1084,Sugarcane,0.597
B1092,F0635,Wheat,0.597
B1093,F0092,Sugarcane,0.6
B1093,F0357,Wheat,0.599
B1093,F0149,Rice,0.599
B1093,F1132,Wheat,0.599
B1093,F0936,Rice,0.598
B1094,F1806,Maize,0.84
B1094,F1513,Cotton,0.598
B1094,F1463,Cotton,0.596
B1094,F1504,Maize,0.596
B1094,F0647,Cotton,0.595
B1095,F1329,Pulses,0.6
B1095,F0077,Sugarcane,0.6
B1095,F1687,Sugarcane,0.599
B1095,F0902,Sugarcane,0.599
B1095,F0878,Wheat,0.598
B1096,F1070,Cotton,0.599
B1096,F1062,Cotton,0.599
B1096,F0553,Cotton,0.598
B1096,F1152,Cotton,0.598
B1096,F1205,Cotton,0.597
B1097,F0520,Wheat,0.687
B1097,F1612,Pulses,0.599
B1097,F1105,Pulses,0.598
B1097,F1483,Pulses,0.598
B1097,F1619,Pulses,0.597
B1098,F1365,Millets,0.823
B1098,F2000,Rice,0.673
B1098,F1058,Barley,0.599
B1098,F1935,Barley,0.598
B1098,F1629,Barley,0.598
B1099,F1301,Barley,0.599
B1099,F1477,Barley,0.596
B1099,F1360,Barley,0.595
B1099,F0146,Barley,0.594
B1099,F0575,Barley,0.594
B1100,F1627,Rice,0.599
B1100,F1746,Wheat,0.599
B1100,F0764,Wheat,0.598
B1100,F0105,Wheat,0.598
B1100,F0815,Sugarcane,0.598
B1101,F1855,Millets,0.6
B1101,F0788,Millets,0.599
B1101,F1238,Millets,0.599
B1101,F0021,Pulses,0.598
B1101,F1093,Millets,0.598
B1102,F1834,Maize,0.6
B1102,F0147,Maize,0.6
B1102,F0858,Maize,0.599
B1102,F0662,Maize,0.598
B1102,F1428,Maize,0.598
B1103,F0618,Millets,0.599
B1103,F1623,Pulses,0.599
B1103,F1752,Millets,0.598
B1103,F0412,Millets,0.598
B1103,F1931,Millets,0.597
B1104,F0393,Millets,0.599
B1104,F1342,Millets,0.599
B1104,F0830,Millets,0.598
B1104,F1596,Millets,0.598
B1104,F1190,Millets,0.597
B1105,F1439,Millets,0.702
B1105,F1650,Wheat,0.599
B1105,F1908,Rice,0.599
B1105,F0028,Wheat,0.598
B1105,F0941,Sugarcane,0.598
B1106,F1482,Cotton,0.837
B1106,F1330,Cotton,0.598
B1106,F0180,Maize,0.596
B1106,F1968,Millets,0.594
B1106,F0800,Maize,0.593
B1107,F1542,Barley,0.903
B1107,F0412,Millets,0.6
B1107,F1931,Millets,0.598
B1107,F1623,Pulses,0.596
B1107,F0618,Millets,0.595
B1108,F0968,Pulses,0.842
B1108,F0412,Millets,0.74
B1108,F0701,Wheat,0.61
B1108,F1275,Barley,0.599
B1108,F1821,Barley,0.599
B1109,F0153,Rice,0.883
B1109,F1059,Pulses,0.599
B1109,F0382,Pulses,0.599
B1109,F1848,Millets,0.599
B1109,F0416,Rice,0.598
B1110,F0322,Cotton,0.597
B1110,F0036,Cotton,0.596
B1110,F1544,Cotton,0.595
B1110,F0776,Cotton,0.593
B1110,F1527,Barley,0.593
B1111,F0318,Rice,0.955
B1111,F1736,Millets,0.599
B1111,F1619,Pulses,0.598
B1111,F1612,Pulses,0.597
B1111,F1105,Pulses,0.596
B1112,F0104,Sugarcane,0.599
B1112,F0510,Wheat,0.599
B1112,F1184,Sugarcane,0.597
B1112,F0026,Pulses,0.596
B1112,F0421,Wheat,0.596
B1113,F0399,Millets,0.7
B1113,F1622,Wheat,0.598
B1113,F1363,Rice,0.598
B1113,F1670,Sugarcane,0.598
B1113,F1221,Rice,0.598
B1114,F0801,Rice,0.793
B1114,F1735,Rice,0.599
B1114,F0574,Wheat,0.598
B1114,F1539,Pulses,0.598
B1114,F1819,Wheat,0.597
B1115,F0041,Maize,0.67
B1115,F0683,Barley,0.599
B1115,F1043,Barley,0.596
B1115,F0356,Barley,0.596
B1115,F1813,Barley,0.595
B1116,F0578,Pulses,0.599
B1116,F1042,Wheat,0.599
B1116,F1060,Sugarcane,0.599
B1116,F0089,Sugarcane,0.599
B1116,F0354,Millets,0.598
B1117,F1556,Cotton,0.671
B1117,F1183,Millets,0.6
B1117,F1368,Pulses,0.599
B1117,F1180,Maize,0.598
B1117,F1208,Pulses,0.597
B1118,F1082,Cotton,0.598
B1118,F1981,Cotton,0.597
B1118,F1201,Cotton,0.597
B1118,F1620,Cotton,0.597
B1118,F0469,Cotton,0.597
B1119,F0477,Rice,0.599
B1119,F1204,Wheat,0.599
B1119,F0108,Sugarcane,0.598
B1119,F0690,Wheat,0.598
B1119,F0819,Sugarcane,0.597
B1120,F0039,Rice,0.719
B1120,F1635,Cotton,0.599
B1120,F1119,Cotton,0.599
B1120,F0767,Cotton,0.598
B1120,F0886,Cotton,0.598
B1121,F1752,Millets,0.817
B1121,F1740,Maize,0.599
B1121,F1506,Maize,0.598
B1121,F0502,Cotton,0.598
B1121,F0912,Cotton,0.598
B1122,F0871,Cotton,0.898
B1122,F0047,Millets,0.598
B1122,F0820,Rice,0.598
B1122,F0903,Pulses,0.598
B1122,F1736,Millets,0.598
B1123,F0610,Millets,0.6
B1123,F0649,Millets,0.599
B1123,F0015,Millets,0.599
B1123,F1716,Millets,0.599
B1123,F1706,Millets,0.598
B1124,F0915,Sugarcane,0.6
B1124,F1455,Rice,0.599
B1124,F0632,Sugarcane,0.599
B1124,F0067,Sugarcane,0.599
B1124,F1099,Pulses,0.599
B1125,F1393,Millets,0.599
B1125,F1693,Sugarcane,0.599
B1125,F0551,Rice,0.599
B1125,F1796,Wheat,0.599
B1125,F1407,Wheat,0.598
B1126,F0309,Millets,0.599
B1126,F0410,Pulses,0.599
B1126,F0778,Millets,0.599
B1126,F0035,Pulses,0.598
B1126,F1518,Maize,0.598
B1127,F0466,Barley,0.944
B1127,F1220,Maize,0.847
B1127,F1402,Maize,0.774
B1127,F1749,Barley,0.6
B1127,F1559,Barley,0.599
B1128,F1973,Maize,0.599
B1128,F1665,Maize,0.594
B1128,F0485,Cotton,0.594
B1128,F0154,Maize,0.593
B1128,F0415,Maize,0.592
B1129,F0283,Pulses,0.782
B1129,F0881,Cotton,0.597
B1129,F1330,Cotton,0.596
B1129,F0588,Maize,0.594
B1129,F1844,Maize,0.592
B1130,F0674,Pulses,0.725
B1130,F0679,Wheat,0.599
B1130,F0130,Sugarcane,0.599
B1130,F0174,Sugarcane,0.599
B1130,F1833,Sugarcane,0.598
B1131,F1341,Barley,0.89
B1131,F1739,Barley,0.742
B1131,F0783,Millets,0.635
B1131,F0146,Barley,0.599
B1131,F0575,Barley,0.598
B1132,F0066,Wheat,0.888
B1132,F0213,Cotton,0.703
B1132,F1834,Maize,0.701
B1132,F1653,Wheat,0.6
B1132,F1650,Wheat,0.599
B1133,F1833,Sugarcane,0.599
B1133,F0105,Wheat,0.599
B1133,F1986,Pulses,0.599
B1133,F0174,Sugarcane,0.599
B1133,F1746,Wheat,0.599
B1134,F0958,Rice,0.599
B1134,F0835,Rice,0.599
B1134,F1838,Sugarcane,0.599
B1134,F1874,Pulses,0.599
B1134,F1283,Rice,0.599
B1135,F0278,Pulses,0.86
B1135,F0955,Maize,0.6
B1135,F1110,Maize,0.599
B1135,F1592,Maize,0.597
B1135,F1937,Maize,0.597
B1136,F0465,Sugarcane,0.84
B1136,F0203,Barley,0.782
B1136,F1961,Wheat,0.6
B1136,F0266,Wheat,0.6
B1136,F1891,Wheat,0.6
B1137,F0413,Pulses,0.6
B1137,F1724,Wheat,0.6
B1137,F0056,Sugarcane,0.599
B1137,F1249,Wheat,0.599
B1137,F0914,Wheat,0.599
B1138,F1668,Rice,0.6
B1138,F0875,Wheat,0.599
B1138,F1823,Sugarcane,0.599
B1138,F0006,Millets,0.599
B1138,F1443,Sugarcane,0.598
B1139,F1841,Wheat,0.873
B1139,F1130,Wheat,0.798
B1139,F1772,Maize,0.719
B1139,F1719,Wheat,0.599
B1139,F1951,Sugarcane,0.598
B1140,F1474,Wheat,0.902
B1140,F0431,Rice,0.796
B1140,F1102,Wheat,0.599
B1140,F1407,Wheat,0.598
B1140,F0742,Pulses,0.598
B1141,F1898,Maize,0.8
B1141,F0726,Cotton,0.6
B1141,F1083,Cotton,0.599
B1141,F0901,Cotton,0.599
B1141,F0654,Cotton,0.599
B1142,F1711,Cotton,0.6
B1142,F0360,Maize,0.599
B1142,F1776,Millets,0.599
B1142,F0436,Millets,0.598
B1142,F0437,Millets,0.598
B1143,F1226,Pulses,0.917
B1143,F0005,Maize,0.794
B1143,F0354,Millets,0.6
B1143,F1288,Pulses,0.599
B1143,F0087,Pulses,0.599
B1144,F1277,Rice,0.82
B1144,F0689,Barley,0.598
B1144,F1764,Barley,0.597
B1144,F1144,Barley,0.597
B1144,F1261,Barley,0.596
B1145,F1096,Wheat,0.6
B1145,F0639,Wheat,0.597
B1145,F0315,Maize,0.596
B1145,F0143,Sugarcane,0.595
B1145,F0261,Rice,0.594
B1146,F0762,Wheat,0.6
B1146,F1605,Sugarcane,0.598
B1146,F1467,Wheat,0.598
B1146,F1494,Wheat,0.597
B1146,F1508,Wheat,0.597
B1147,F1637,Rice,0.905
B1147,F1428,Maize,0.898
B1147,F0307,Sugarcane,0.835
B1147,F0043,Wheat,0.6
B1147,F1875,Wheat,0.6
B1148,F1393,Millets,0.599
B1148,F0551,Rice,0.598
B1148,F1954,Sugarcane,0.598
B1148,F0445,Sugarcane,0.598
B1148,F0602,Millets,0.597
B1149,F0478,Millets,0.892
B1149,F1289,Sugarcane,0.6
B1149,F1382,Sugarcane,0.599
B1149,F1996,Rice,0.599
B1149,F0398,Pulses,0.599
B1150,F0915,Sugarcane,0.91
B1150,F0100,Cotton,0.6
B1150,F0913,Cotton,0.599
B1150,F1328,Cotton,0.599
B1150,F0886,Cotton,0.599
B1151,F1890,Cotton,0.959
B1151,F0602,Millets,0.844
B1151,F0332,Rice,0.782
B1151,F0662,Maize,0.6
B1151,F0425,Millets,0.598
B1152,F1806,Maize,0.839
B1152,F0223,Pulses,0.6
B1152,F0937,Pulses,0.599
B1152,F1633,Millets,0.599
B1152,F0681,Millets,0.598
B1153,F0847,Wheat,0.701
B1153,F1840,Rice,0.688
B1153,F1646,Maize,0.599
B1153,F1219,Cotton,0.599
B1153,F1560,Maize,0.598
B1154,F1641,Sugarcane,0.791
B1154,F1838,Sugarcane,0.599
B1154,F1957,Pulses,0.599
B1154,F1379,Pulses,0.599
B1154,F0835,Rice,0.599
B1155,F1903,Rice,0.765
B1155,F1871,Barley,0.724
B1155,F1331,Pulses,0.599
B1155,F1574,Pulses,0.599
B1155,F0448,Pulses,0.598
B1156,F1802,Cotton,0.6
B1156,F0676,Cotton,0.598
B1156,F0455,Cotton,0.598
B1156,F1791,Cotton,0.598
B1156,F1482,Cotton,0.597
B1157,F1911,Sugarcane,0.944
B1157,F0497,Maize,0.724
B1157,F0255,Rice,0.599
B1157,F0108,Sugarcane,0.597
B1157,F1659,Rice,0.596
B1158,F0618,Millets,0.901
B1158,F1431,Rice,0.892
B1158,F0287,Rice,0.599
B1158,F0667,Pulses,0.598
B1158,F1746,Wheat,0.597
B1159,F0698,Wheat,0.83
B1159,F1564,Wheat,0.6
B1159,F1908,Rice,0.6
B1159,F1727,Sugarcane,0.599
B1159,F0687,Pulses,0.599
B1160,F0711,Barley,0.65
B1160,F1997,Wheat,0.6
B1160,F1287,Wheat,0.599
B1160,F1149,Maize,0.599
B1160,F0939,Pulses,0.599
B1161,F1343,Barley,0.6
B1161,F0909,Barley,0.599
B1161,F1043,Barley,0.599
B1161,F1251,Barley,0.597
B1161,F1245,Barley,0.597
B1162,F1622,Wheat,0.6
B1162,F1991,Sugarcane,0.599
B1162,F1790,Pulses,0.597
B1162,F1670,Sugarcane,0.595
B1162,F1734,Sugarcane,0.595
B1163,F0233,Sugarcane,0.6
B1163,F0614,Wheat,0.598
B1163,F0026,Pulses,0.597
B1163,F0685,Rice,0.597
B1163,F0677,Sugarcane,0.596
B1164,F1232,Millets,0.599
B1164,F1736,Millets,0.599
B1164,F0111,Millets,0.597
B1164,F0027,Pulses,0.597
B1164,F1198,Maize,0.597
B1165,F0398,Pulses,0.641
B1165,F1869,Cotton,0.597
B1165,F0125,Cotton,0.597
B1165,F0132,Cotton,0.595
B1165,F0586,Barley,0.593
B1166,F0069,Sugarcane,0.6
B1166,F0342,Sugarcane,0.599
B1166,F1095,Wheat,0.599
B1166,F1474,Wheat,0.599
B1166,F1436,Wheat,0.599
B1167,F1813,Barley,0.818
B1167,F0761,Sugarcane,0.745
B1167,F1775,Barley,0.599
B1167,F1818,Barley,0.599
B1167,F1589,Barley,0.598
B1168,F0484,Pulses,0.599
B1168,F1079,Pulses,0.599
B1168,F1155,Millets,0.599
B1168,F1113,Millets,0.598
B1168,F0872,Millets,0.598
B1169,F0911,Maize,0.91
B1169,F0340,Sugarcane,0.64
B1169,F1171,Millets,0.6
B1169,F1862,Pulses,0.599
B1169,F1918,Pulses,0.598
B1170,F0906,Wheat,0.6
B1170,F0584,Wheat,0.599
B1170,F0549,Wheat,0.598
B1170,F1294,Rice,0.597
B1170,F1882,Wheat,0.597
B1171,F0842,Millets,0.608
B1171,F0966,Rice,0.6
B1171,F1862,Pulses,0.599
B1171,F0249,Rice,0.599
B1171,F0770,Rice,0.599
B1172,F0010,Wheat,0.896
B1172,F1991,Sugarcane,0.741
B1172,F1625,Pulses,0.6
B1172,F0118,Pulses,0.6
B1172,F1628,Rice,0.599
B1173,F0938,Cotton,0.783
B1173,F1468,Pulses,0.746
B1173,F0499,Rice,0.663
B1173,F1780,Millets,0.6
B1173,F0493,Rice,0.599
B1174,F0061,Maize,0.599
B1174,F1165,Cotton,0.599
B1174,F1454,Maize,0.598
B1174,F1172,Maize,0.598
B1174,F1984,Maize,0.598
B1175,F0025,Sugarcane,0.6
B1175,F0198,Sugarcane,0.6
B1175,F1048,Rice,0.599
B1175,F1211,Rice,0.599
B1175,F0243,Sugarcane,0.599
B1176,F1422,Rice,0.657
B1176,F0207,Millets,0.617
B1176,F0254,Cotton,0.596
B1176,F0881,Cotton,0.594
B1176,F1389,Barley,0.593
B1177,F0476,Millets,0.84
B1177,F0342,Sugarcane,0.6
B1177,F0069,Sugarcane,0.599
B1177,F1474,Wheat,0.599
B1177,F1095,Wheat,0.599
B1178,F0186,Cotton,0.854
B1178,F0134,Cotton,0.598
B1178,F1062,Cotton,0.598
B1178,F1152,Cotton,0.598
B1178,F1070,Cotton,0.597
B1179,F1898,Maize,0.861
B1179,F0204,Rice,0.6
B1179,F1792,Pulses,0.599
B1179,F1710,Pulses,0.599
B1179,F1344,Rice,0.599
B1180,F0342,Sugarcane,0.846
B1180,F0420,Pulses,0.842
B1180,F0140,Rice,0.785
B1180,F0396,Sugarcane,0.599
B1180,F0107,Pulses,0.599
B1181,F0670,Barley,0.6
B1181,F1511,Barley,0.599
B1181,F1224,Barley,0.599
B1181,F1617,Barley,0.598
B1181,F1940,Barley,0.598
B1182,F0605,Barley,0.77
B1182,F0884,Millets,0.599
B1182,F0982,Millets,0.598
B1182,F1214,Pulses,0.597
B1182,F0183,Pulses,0.596
B1183,F1730,Pulses,0.6
B1183,F0937,Pulses,0.598
B1183,F0223,Pulses,0.598
B1183,F1126,Millets,0.597
B1183,F0888,Pulses,0.596
B1184,F0245,Barley,0.689
B1184,F1275,Barley,0.6
B1184,F1821,Barley,0.599
B1184,F0623,Barley,0.598
B1184,F0629,Barley,0.596
B1185,F1766,Millets,0.914
B1185,F1756,Millets,0.902
B1185,F1289,Sugarcane,0.85
B1185,F0286,Maize,0.599
B1185,F0444,Millets,0.598
B1186,F0537,Millets,0.6
B1186,F1230,Maize,0.599
B1186,F0121,Millets,0.599
B1186,F0652,Millets,0.598
B1186,F0268,Millets,0.597
B1187,F1172,Maize,0.83
B1187,F1491,Rice,0.6
B1187,F1547,Millets,0.599
B1187,F1392,Pulses,0.599
B1187,F0326,Pulses,0.599
B1188,F0589,Sugarcane,0.6
B1188,F0217,Sugarcane,0.6
B1188,F0153,Rice,0.599
B1188,F1831,Wheat,0.599
B1188,F1648,Sugarcane,0.599
B1189,F0017,Sugarcane,0.6
B1189,F1967,Rice,0.599
B1189,F0109,Pulses,0.599
B1189,F0915,Sugarcane,0.598
B1189,F1906,Wheat,0.598
B1190,F1413,Cotton,0.598
B1190,F0700,Maize,0.595
B1190,F0647,Cotton,0.595
B1190,F0776,Cotton,0.595
B1190,F1544,Cotton,0.594
B1191,F1905,Barley,0.691
B1191,F0602,Millets,0.599
B1191,F1316,Sugarcane,0.599
B1191,F1954,Sugarcane,0.597
B1191,F1523,Rice,0.597
B1192,F1574,Pulses,0.725
B1192,F0975,Sugarcane,0.691
B1192,F0063,Cotton,0.6
B1192,F1030,Cotton,0.599
B1192,F1440,Maize,0.597
B1193,F0545,Rice,0.599
B1193,F0285,Wheat,0.599
B1193,F0123,Wheat,0.599
B1193,F0720,Sugarcane,0.598
B1193,F1779,Millets,0.598
B1194,F0560,Pulses,0.6
B1194,F1915,Millets,0.599
B1194,F0704,Millets,0.598
B1194,F0238,Pulses,0.598
B1194,F1010,Millets,0.597
B1195,F1320,Maize,0.966
B1195,F0946,Barley,0.599
B1195,F1703,Barley,0.599
B1195,F0760,Barley,0.598
B1195,F0575,Barley,0.597
B1196,F0105,Wheat,0.599
B1196,F1986,Pulses,0.599
B1196,F1555,Sugarcane,0.599
B1196,F0348,Sugarcane,0.598
B1196,F0815,Sugarcane,0.597
B1197,F0512,Wheat,0.826
B1197,F0882,Pulses,0.6
B1197,F0497,Maize,0.6
B1197,F1804,Millets,0.6
B1197,F0943,Millets,0.599
B1198,F1161,Millets,0.6
B1198,F1447,Millets,0.599
B1198,F1756,Millets,0.598
B1198,F0290,Millets,0.598
B1198,F1438,Cotton,0.598
B1199,F0253,Sugarcane,0.6
B1199,F0574,Wheat,0.599
B1199,F0759,Rice,0.598
B1199,F0680,Wheat,0.598
B1199,F0843,Rice,0.598
B1200,F0970,Maize,0.777
B1200,F0192,Maize,0.611
B1200,F0692,Pulses,0.599
B1200,F0573,Rice,0.598
B1200,F1849,Rice,0.598
B1201,F0386,Millets,0.6
B1201,F0734,Millets,0.6
B1201,F1372,Maize,0.6
B1201,F0652,Millets,0.599
B1201,F0121,Millets,0.599
B1202,F1660,Millets,0.83
B1202,F0452,Pulses,0.598
B1202,F1689,Rice,0.597
B1202,F1080,Rice,0.597
B1202,F0238,Pulses,0.597
B1203,F1468,Pulses,0.598
B1203,F0019,Millets,0.598
B1203,F0041,Maize,0.598
B1203,F1059,Pulses,0.597
B1203,F0163,Millets,0.597
B1204,F0005,Maize,0.597
B1204,F0702,Millets,0.594
B1204,F0125,Cotton,0.593
B1204,F1550,Millets,0.591
B1204,F1395,Cotton,0.591
B1205,F1436,Wheat,0.826
B1205,F1057,Millets,0.674
B1205,F1572,Millets,0.6
B1205,F0648,Rice,0.6
B1205,F1700,Millets,0.599
B1206,F0897,Pulses,0.849
B1206,F0693,Cotton,0.6
B1206,F1365,Millets,0.6
B1206,F1934,Maize,0.6
B1206,F0013,Maize,0.6
B1207,F1700,Millets,0.728
B1207,F1923,Sugarcane,0.697
B1207,F1662,Maize,0.6
B1207,F0969,Pulses,0.599
B1207,F1761,Millets,0.599
B1208,F1052,Rice,0.689
B1208,F0946,Barley,0.598
B1208,F1703,Barley,0.598
B1208,F0575,Barley,0.597
B1208,F0760,Barley,0.597
B1209,F0847,Wheat,0.765
B1209,F1931,Millets,0.599
B1209,F1752,Millets,0.598
B1209,F0412,Millets,0.598
B1209,F0970,Maize,0.597
B1210,F0683,Barley,0.598
B1210,F1487,Barley,0.597
B1210,F1043,Barley,0.597
B1210,F1301,Barley,0.596
B1210,F1813,Barley,0.594
B1211,F0141,Millets,0.771
B1211,F1139,Sugarcane,0.599
B1211,F0089,Sugarcane,0.599
B1211,F0806,Sugarcane,0.598
B1211,F0644,Rice,0.598
B1212,F1426,Pulses,0.833
B1212,F0290,Millets,0.754
B1212,F0989,Wheat,0.6
B1212,F1964,Wheat,0.6
B1212,F1939,Wheat,0.6
B1213,F0154,Maize,0.91
B1213,F0245,Barley,0.656
B1213,F1844,Maize,0.599
B1213,F1173,Maize,0.598
B1213,F1544,Cotton,0.596
B1214,F0091,Millets,0.771
B1214,F1158,Rice,0.6
B1214,F0573,Rice,0.6
B1214,F1007,Sugarcane,0.6
B1214,F0919,Sugarcane,0.599
B1215,F0860,Barley,0.6
B1215,F1424,Barley,0.6
B1215,F0195,Barley,0.6
B1215,F1799,Barley,0.6
B1215,F1371,Barley,0.6
B1216,F0805,Pulses,0.976
B1216,F0827,Maize,0.82
B1216,F1442,Wheat,0.6
B1216,F0936,Rice,0.599
B1216,F1415,Wheat,0.599
B1217,F0432,Pulses,0.598
B1217,F1098,Pulses,0.598
B1217,F1019,Millets,0.598
B1217,F0330,Millets,0.597
B1217,F0317,Maize,0.597
B1218,F1882,Wheat,0.599
B1218,F1753,Wheat,0.599
B1218,F1562,Sugarcane,0.599
B1218,F1887,Wheat,0.598
B1218,F1009,Sugarcane,0.598
B1219,F0571,Pulses,0.842
B1219,F0614,Wheat,0.66
B1219,F1665,Maize,0.599
B1219,F1395,Cotton,0.593
B1219,F0005,Maize,0.593
B1220,F1227,Barley,0.802
B1220,F0553,Cotton,0.597
B1220,F1070,Cotton,0.597
B1220,F1062,Cotton,0.597
B1220,F1760,Maize,0.596
B1221,F1842,Pulses,0.877
B1221,F1993,Maize,0.875
B1221,F0983,Sugarcane,0.803
B1221,F1497,Millets,0.6
B1221,F0122,Cotton,0.6
B1222,F1200,Cotton,0.6
B1222,F1701,Cotton,0.599
B1222,F1461,Cotton,0.599
B1222,F1893,Cotton,0.599
B1222,F0894,Cotton,0.597
B1223,F1017,Wheat,0.599
B1223,F1085,Pulses,0.598
B1223,F1287,Wheat,0.598
B1223,F0939,Pulses,0.597
B1223,F1546,Sugarcane,0.597
B1224,F0792,Millets,0.6
B1224,F0087,Pulses,0.599
B1224,F0842,Millets,0.599
B1224,F0228,Pulses,0.599
B1224,F1288,Pulses,0.598
B1225,F1281,Wheat,0.6
B1225,F0895,Sugarcane,0.6
B1225,F1554,Sugarcane,0.599
B1225,F1743,Wheat,0.599
B1225,F0205,Sugarcane,0.599
B1226,F1212,Sugarcane,0.926
B1226,F0951,Maize,0.856
B1226,F0665,Rice,0.6
B1226,F0179,Rice,0.6
B1226,F1879,Sugarcane,0.599
B1227,F0211,Barley,0.919
B1227,F1115,Barley,0.6
B1227,F0328,Barley,0.6
B1227,F1694,Barley,0.6
B1227,F1733,Barley,0.599
B1228,F0326,Pulses,0.6
B1228,F1812,Rice,0.599
B1228,F1392,Pulses,0.599
B1228,F1079,Pulses,0.598
B1228,F1155,Millets,0.598
B1229,F1538,Pulses,0.732
B1229,F1448,Millets,0.6
B1229,F0464,Rice,0.599
B1229,F1613,Millets,0.599
B1229,F0094,Pulses,0.599
B1230,F1522,Rice,0.598
B1230,F1693,Sugarcane,0.598
B1230,F1523,Rice,0.597
B1230,F0355,Millets,0.596
B1230,F0551,Rice,0.596
B1231,F1691,Pulses,0.917
B1231,F1759,Barley,0.6
B1231,F0651,Barley,0.599
B1231,F0855,Barley,0.599
B1231,F1822,Barley,0.598
B1232,F1430,Barley,0.6
B1232,F1797,Barley,0.6
B1232,F1935,Barley,0.599
B1232,F1629,Barley,0.598
B1232,F1517,Barley,0.598
B1233,F1291,Rice,0.73
B1233,F0066,Wheat,0.599
B1233,F0764,Wheat,0.598
B1233,F0667,Pulses,0.598
B1233,F1270,Wheat,0.598
B1234,F1043,Barley,0.6
B1234,F1343,Barley,0.598
B1234,F0683,Barley,0.598
B1234,F1813,Barley,0.598
B1234,F0909,Barley,0.597
B1235,F0339,Sugarcane,0.9
B1235,F1393,Millets,0.732
B1235,F0395,Maize,0.599
B1235,F1428,Maize,0.599
B1235,F1273,Maize,0.599
B1236,F0835,Rice,0.94
B1236,F0899,Barley,0.635
B1236,F0281,Sugarcane,0.6
B1236,F1084,Sugarcane,0.599
B1236,F0635,Wheat,0.599
B1237,F0790,Barley,0.599
B1237,F0161,Barley,0.599
B1237,F0168,Barley,0.598
B1237,F0319,Barley,0.597
B1237,F1134,Barley,0.596
B1238,F0773,Rice,0.6
B1238,F1112,Rice,0.599
B1238,F0026,Pulses,0.599
B1238,F1777,Wheat,0.598
B1238,F1533,Wheat,0.598
B1239,F0707,Sugarcane,0.891
B1239,F1206,Pulses,0.599
B1239,F0313,Sugarcane,0.599
B1239,F0939,Pulses,0.599
B1239,F0098,Sugarcane,0.599
B1240,F0580,Wheat,0.91
B1240,F1249,Wheat,0.884
B1240,F0225,Wheat,0.6
B1240,F1283,Rice,0.6
B1240,F0958,Rice,0.599
B1241,F1007,Sugarcane,0.612
B1241,F0230,Cotton,0.6
B1241,F0003,Cotton,0.599
B1241,F0471,Cotton,0.599
B1241,F0654,Cotton,0.598
B1242,F1141,Pulses,0.86
B1242,F0684,Sugarcane,0.831
B1242,F0244,Rice,0.737
B1242,F0759,Rice,0.599
B1242,F0680,Wheat,0.599
B1243,F1033,Rice,0.73
B1243,F0759,Rice,0.645
B1243,F0538,Barley,0.599
B1243,F0711,Barley,0.597
B1243,F0242,Barley,0.597
B1244,F1595,Sugarcane,0.96
B1244,F1267,Barley,0.715
B1244,F1743,Wheat,0.6
B1244,F1281,Wheat,0.6
B1244,F0895,Sugarcane,0.599
B1245,F0958,Rice,0.6
B1245,F1283,Rice,0.599
B1245,F1874,Pulses,0.599
B1245,F0267,Sugarcane,0.599
B1245,F0835,Rice,0.599
B1246,F1979,Maize,0.775
B1246,F0194,Barley,0.6
B1246,F1512,Barley,0.599
B1246,F0350,Barley,0.599
B1246,F0741,Barley,0.599
B1247,F0629,Barley,0.6
B1247,F1058,Barley,0.599
B1247,F0496,Barley,0.599
B1247,F0787,Barley,0.598
B1247,F1629,Barley,0.598
B1248,F0603,Sugarcane,0.703
B1248,F1265,Pulses,0.6
B1248,F1570,Pulses,0.599
B1248,F0113,Millets,0.599
B1248,F1059,Pulses,0.599
B1249,F1360,Barley,0.795
B1249,F0575,Barley,0.707
B1249,F0786,Rice,0.599
B1249,F0802,Pulses,0.599
B1249,F1080,Rice,0.598
B1250,F0803,Rice,0.598
B1250,F0634,Rice,0.598
B1250,F0234,Sugarcane,0.598
B1250,F1316,Sugarcane,0.597
B1250,F0935,Millets,0.597
B1251,F0865,Sugarcane,0.824
B1251,F0483,Cotton,0.795
B1251,F0461,Wheat,0.599
B1251,F0934,Rice,0.599
B1251,F1817,Wheat,0.599
B1252,F0462,Cotton,0.599
B1252,F0726,Cotton,0.599
B1252,F0031,Cotton,0.599
B1252,F0901,Cotton,0.598
B1252,F1926,Cotton,0.598
B1253,F1454,Maize,0.879
B1253,F0797,Cotton,0.753
B1253,F0043,Wheat,0.6
B1253,F1875,Wheat,0.6
B1253,F1332,Pulses,0.6
B1254,F1045,Pulses,0.599
B1254,F1573,Pulses,0.599
B1254,F0802,Pulses,0.599
B1254,F1947,Rice,0.598
B1254,F1191,Maize,0.597
B1255,F0270,Maize,0.85
B1255,F1595,Sugarcane,0.6
B1255,F0975,Sugarcane,0.6
B1255,F1315,Pulses,0.6
B1255,F0050,Pulses,0.598
B1256,F1205,Cotton,0.6
B1256,F0539,Cotton,0.6
B1256,F1600,Cotton,0.6
B1256,F0553,Cotton,0.599
B1256,F1070,Cotton,0.599
B1257,F1733,Barley,0.818
B1257,F1792,Pulses,0.6
B1257,F0204,Rice,0.599
B1257,F1692,Pulses,0.599
B1257,F1164,Pulses,0.599
B1258,F0820,Rice,0.6
B1258,F0903,Pulses,0.599
B1258,F0890,Rice,0.598
B1258,F0414,Rice,0.598
B1258,F0049,Pulses,0.598
B1259,F1447,Millets,0.6
B1259,F0290,Millets,0.599
B1259,F1032,Millets,0.599
B1259,F1375,Maize,0.599
B1259,F1161,Millets,0.598
B1260,F0017,Sugarcane,0.891
B1260,F1760,Maize,0.597
B1260,F0951,Maize,0.597
B1260,F1638,Cotton,0.597
B1260,F1372,Maize,0.597
B1261,F0154,Maize,0.598
B1261,F0415,Maize,0.598
B1261,F1978,Maize,0.595
B1261,F0535,Maize,0.595
B1261,F0868,Pulses,0.593
B1262,F0333,Sugarcane,0.6
B1262,F0862,Rice,0.599
B1262,F0044,Millets,0.599
B1262,F0678,Millets,0.599
B1262,F1277,Rice,0.599
B1263,F1718,Maize,0.599
B1263,F0805,Pulses,0.598
B1263,F1955,Maize,0.598
B1263,F1079,Pulses,0.598
B1263,F1792,Pulses,0.597
B1264,F1702,Pulses,0.885
B1264,F1333,Barley,0.651
B1264,F1450,Sugarcane,0.599
B1264,F0090,Wheat,0.598
B1264,F1140,Rice,0.598
B1265,F0136,Cotton,0.882
B1265,F0442,Millets,0.822
B1265,F0383,Sugarcane,0.6
B1265,F0957,Sugarcane,0.599
B1265,F0533,Rice,0.599
B1266,F0405,Millets,0.803
B1266,F0697,Barley,0.6
B1266,F1063,Barley,0.6
B1266,F1448,Millets,0.6
B1266,F0004,Barley,0.599
B1267,F0898,Sugarcane,0.842
B1267,F1847,Millets,0.687
B1267,F1466,Pulses,0.6
B1267,F1385,Rice,0.6
B1267,F0995,Sugarcane,0.6
B1268,F1102,Wheat,0.823
B1268,F0832,Cotton,0.745
B1268,F1689,Rice,0.6
B1268,F0452,Pulses,0.599
B1268,F1563,Sugarcane,0.599
B1269,F1316,Sugarcane,0.599
B1269,F0602,Millets,0.598
B1269,F0634,Rice,0.598
B1269,F0107,Pulses,0.598
B1269,F0278,Pulses,0.598
B1270,F0371,Sugarcane,0.904
B1270,F0032,Rice,0.819
B1270,F0970,Maize,0.762
B1270,F0517,Millets,0.599
B1270,F0113,Millets,0.599
B1271,F0969,Pulses,0.893
B1271,F0393,Millets,0.599
B1271,F1596,Millets,0.599
B1271,F1191,Maize,0.599
B1271,F1731,Pulses,0.599
B1272,F1358,Maize,0.816
B1272,F1782,Millets,0.738
B1272,F1083,Cotton,0.599
B1272,F0654,Cotton,0.599
B1272,F0867,Cotton,0.598
B1273,F1066,Maize,0.598
B1273,F1173,Maize,0.595
B1273,F1844,Maize,0.595
B1273,F1368,Pulses,0.594
B1273,F1330,Cotton,0.593
B1274,F1716,Millets,0.599
B1274,F0610,Millets,0.599
B1274,F0758,Maize,0.599
B1274,F0649,Millets,0.599
B1274,F0144,Millets,0.599
B1275,F0937,Pulses,0.599
B1275,F0681,Millets,0.599
B1275,F0024,Millets,0.598
B1275,F0223,Pulses,0.597
B1275,F1633,Millets,0.597
B1276,F0823,Pulses,0.848
B1276,F0053,Maize,0.599
B1276,F0303,Maize,0.599
B1276,F0329,Millets,0.596
B1276,F0706,Cotton,0.594
B1277,F1945,Cotton,0.694
B1277,F1230,Maize,0.6
B1277,F0537,Millets,0.598
B1277,F1782,Millets,0.597
B1277,F1927,Cotton,0.597
B1278,F0579,Wheat,0.702
B1278,F1062,Cotton,0.599
B1278,F1070,Cotton,0.599
B1278,F0553,Cotton,0.598
B1278,F0539,Cotton,0.598
B1279,F1853,Pulses,0.847
B1279,F0851,Barley,0.804
B1279,F1103,Sugarcane,0.6
B1279,F1535,Maize,0.599
B1279,F1410,Wheat,0.599
B1280,F1328,Cotton,0.6
B1280,F0913,Cotton,0.599
B1280,F0845,Cotton,0.599
B1280,F0100,Cotton,0.599
B1280,F0417,Cotton,0.599
B1281,F1775,Barley,0.957
B1281,F1060,Sugarcane,0.693
B1281,F0031,Cotton,0.6
B1281,F1926,Cotton,0.6
B1281,F0462,Cotton,0.598
B1282,F0581,Pulses,0.598
B1282,F0355,Millets,0.598
B1282,F1693,Sugarcane,0.597
B1282,F0815,Sugarcane,0.597
B1282,F1158,Rice,0.597
B1283,F1191,Maize,0.749
B1283,F0315,Maize,0.599
B1283,F1510,Sugarcane,0.599
B1283,F1268,Sugarcane,0.599
B1283,F0639,Wheat,0.598
B1284,F1190,Millets,0.918
B1284,F0744,Cotton,0.631
B1284,F1749,Barley,0.607
B1284,F0033,Sugarcane,0.6
B1284,F0302,Rice,0.6
B1285,F1055,Rice,0.599
B1285,F0890,Rice,0.599
B1285,F0671,Rice,0.599
B1285,F0429,Rice,0.599
B1285,F0709,Millets,0.599
B1286,F0234,Sugarcane,0.741
B1286,F0085,Barley,0.737
B1286,F1595,Sugarcane,0.6
B1286,F1315,Pulses,0.599
B1286,F0975,Sugarcane,0.599
B1287,F1554,Sugarcane,0.7
B1287,F0944,Cotton,0.599
B1287,F0471,Cotton,0.599
B1287,F0003,Cotton,0.598
B1287,F0206,Cotton,0.598
B1288,F0059,Maize,0.829
B1288,F0179,Rice,0.6
B1288,F0665,Rice,0.6
B1288,F0679,Wheat,0.599
B1288,F0294,Wheat,0.599
B1289,F1942,Millets,0.724
B1289,F0028,Wheat,0.599
B1289,F1370,Wheat,0.598
B1289,F1168,Pulses,0.598
B1289,F1650,Wheat,0.598
B1290,F0463,Pulses,0.697
B1290,F0985,Millets,0.599
B1290,F0795,Rice,0.599
B1290,F1962,Rice,0.599
B1290,F0448,Pulses,0.599
B1291,F0531,Rice,0.6
B1291,F0685,Rice,0.6
B1291,F0026,Pulses,0.599
B1291,F0773,Rice,0.598
B1291,F0907,Wheat,0.598
B1292,F1270,Wheat,0.6
B1292,F0066,Wheat,0.599
B1292,F1153,Sugarcane,0.599
B1292,F1421,Rice,0.598
B1292,F0898,Sugarcane,0.598
B1293,F0031,Cotton,0.825
B1293,F1212,Sugarcane,0.599
B1293,F1933,Rice,0.599
B1293,F1403,Rice,0.599
B1293,F0367,Pulses,0.598
B1294,F1888,Sugarcane,0.854
B1294,F0914,Wheat,0.6
B1294,F1724,Wheat,0.599
B1294,F0413,Pulses,0.599
B1294,F1351,Sugarcane,0.599
B1295,F1814,Cotton,0.891
B1295,F0886,Cotton,0.6
B1295,F1635,Cotton,0.6
B1295,F0100,Cotton,0.599
B1295,F0831,Cotton,0.599
B1296,F0542,Wheat,0.6
B1296,F1734,Sugarcane,0.599
B1296,F1327,Rice,0.599
B1296,F1222,Wheat,0.599
B1296,F0753,Wheat,0.598
B1297,F1960,Maize,0.709
B1297,F1232,Millets,0.598
B1297,F0434,Millets,0.598
B1297,F1198,Maize,0.598
B1297,F1229,Pulses,0.597
B1298,F0180,Maize,0.741
B1298,F1623,Pulses,0.597
B1298,F1385,Rice,0.596
B1298,F0176,Pulses,0.596
B1298,F0995,Sugarcane,0.595
B1299,F0630,Barley,0.6
B1299,F0909,Barley,0.594
B1299,F1813,Barley,0.593
B1299,F0495,Cotton,0.593
B1299,F1862,Pulses,0.592
B1300,F1774,Sugarcane,0.75
B1300,F1277,Rice,0.66
B1300,F0683,Barley,0.599
B1300,F0356,Barley,0.599
B1300,F1813,Barley,0.597
B1301,F1333,Barley,0.893
B1301,F1952,Maize,0.88
B1301,F0496,Barley,0.599
B1301,F0787,Barley,0.598
B1301,F0629,Barley,0.597
B1302,F1067,Cotton,0.805
B1302,F1981,Cotton,0.599
B1302,F1201,Cotton,0.596
B1302,F1082,Cotton,0.596
B1302,F0739,Cotton,0.596
B1303,F1433,Pulses,0.939
B1303,F0436,Millets,0.878
B1303,F0674,Pulses,0.6
B1303,F0761,Sugarcane,0.599
B1303,F0770,Rice,0.599
B1304,F0222,Maize,0.668
B1304,F1459,Pulses,0.599
B1304,F1536,Wheat,0.599
B1304,F1913,Wheat,0.599
B1304,F0248,Rice,0.599
B1305,F1976,Rice,0.696
B1305,F1893,Cotton,0.599
B1305,F0927,Cotton,0.599
B1305,F1565,Maize,0.597
B1305,F1200,Cotton,0.596
B1306,F1856,Wheat,0.8
B1306,F1768,Rice,0.598
B1306,F1780,Millets,0.598
B1306,F0493,Rice,0.598
B1306,F0888,Pulses,0.598
B1307,F0412,Millets,0.599
B1307,F1752,Millets,0.598
B1307,F1931,Millets,0.597
B1307,F0618,Millets,0.597
B1307,F0970,Maize,0.597
B1308,F0733,Rice,0.599
B1308,F1886,Pulses,0.599
B1308,F1448,Millets,0.599
B1308,F0236,Sugarcane,0.598
B1308,F1431,Rice,0.598
B1309,F0840,Cotton,0.801
B1309,F0012,Barley,0.598
B1309,F0157,Barley,0.598
B1309,F1775,Barley,0.596
B1309,F0242,Barley,0.596
B1310,F1713,Cotton,0.672
B1310,F0951,Maize,0.598
B1310,F0288,Cotton,0.597
B1310,F1638,Cotton,0.596
B1310,F1524,Cotton,0.596
B1311,F0036,Cotton,0.766
B1311,F1158,Rice,0.6
B1311,F0581,Pulses,0.599
B1311,F1007,Sugarcane,0.599
B1311,F0919,Sugarcane,0.599
B1312,F1178,Millets,0.785
B1312,F1882,Wheat,0.687
B1312,F1224,Barley,0.6
B1312,F1511,Barley,0.599
B1312,F0670,Barley,0.599
B1313,F1060,Sugarcane,0.7
B1313,F1198,Maize,0.599
B1313,F0190,Pulses,0.598
B1313,F0805,Pulses,0.598
B1313,F1955,Maize,0.598
B1314,F1023,Wheat,0.599
B1314,F1304,Pulses,0.598
B1314,F0499,Rice,0.596
B1314,F1431,Rice,0.596
B1314,F0261,Rice,0.596
B1315,F0856,Cotton,0.599
B1315,F0666,Cotton,0.598
B1315,F1704,Maize,0.598
B1315,F1322,Maize,0.597
B1315,F0016,Cotton,0.597
B1316,F0176,Pulses,0.87
B1316,F1933,Rice,0.659
B1316,F1522,Rice,0.599
B1316,F0551,Rice,0.599
B1316,F0348,Sugarcane,0.599
B1317,F0639,Wheat,0.6
B1317,F1096,Wheat,0.6
B1317,F0315,Maize,0.599
B1317,F0143,Sugarcane,0.598
B1317,F0528,Wheat,0.594
B1318,F0937,Pulses,0.599
B1318,F0024,Millets,0.599
B1318,F0681,Millets,0.598
B1318,F0223,Pulses,0.597
B1318,F1702,Pulses,0.597
B1319,F1107,Cotton,0.698
B1319,F1915,Millets,0.598
B1319,F0560,Pulses,0.596
B1319,F1573,Pulses,0.595
B1319,F0509,Millets,0.595
B1320,F0204,Rice,0.599
B1320,F1792,Pulses,0.598
B1320,F1718,Maize,0.598
B1320,F0585,Pulses,0.598
B1320,F0297,Pulses,0.597
B1321,F1825,Cotton,0.786
B1321,F0527,Maize,0.599
B1321,F0014,Maize,0.599
B1321,F1152,Cotton,0.598
B1321,F1760,Maize,0.598
B1322,F1543,Sugarcane,0.599
B1322,F1853,Pulses,0.599
B1322,F0185,Rice,0.598
B1322,F1213,Wheat,0.598
B1322,F0428,Sugarcane,0.597
B1323,F0765,Cotton,0.955
B1323,F0487,Maize,0.599
B1323,F1170,Maize,0.599
B1323,F0516,Maize,0.596
B1323,F0444,Millets,0.596
B1324,F1591,Sugarcane,0.599
B1324,F0373,Wheat,0.598
B1324,F1097,Wheat,0.597
B1324,F1294,Rice,0.596
B1324,F1546,Sugarcane,0.596
B1325,F1589,Barley,0.6
B1325,F0855,Barley,0.6
B1325,F1754,Barley,0.599
B1325,F0651,Barley,0.599
B1325,F1759,Barley,0.599
B1326,F0704,Millets,0.895
B1326,F0660,Wheat,0.6
B1326,F0561,Sugarcane,0.6
B1326,F1681,Sugarcane,0.6
B1326,F0400,Rice,0.599
B1327,F0909,Barley,0.598
B1327,F1245,Barley,0.596
B1327,F1343,Barley,0.595
B1327,F1251,Barley,0.593
B1327,F0630,Barley,0.592
B1328,F0333,Sugarcane,0.747
B1328,F0516,Maize,0.599
B1328,F0270,Maize,0.598
B1328,F0537,Millets,0.597
B1328,F1230,Maize,0.595
B1329,F1045,Pulses,0.598
B1329,F0634,Rice,0.598
B1329,F1183,Millets,0.598
B1329,F1316,Sugarcane,0.597
B1329,F0686,Pulses,0.597
B1330,F0580,Wheat,0.6
B1330,F1743,Wheat,0.599
B1330,F1281,Wheat,0.599
B1330,F0520,Wheat,0.598
B1330,F0895,Sugarcane,0.598
B1331,F1416,Sugarcane,0.854
B1331,F0715,Millets,0.6
B1331,F1123,Maize,0.599
B1331,F0167,Millets,0.599
B1331,F0391,Maize,0.599
B1332,F0910,Pulses,0.785
B1332,F0519,Millets,0.599
B1332,F1164,Pulses,0.599
B1332,F0246,Pulses,0.599
B1332,F1236,Sugarcane,0.599
B1333,F1940,Barley,0.859
B1333,F0341,Maize,0.599
B1333,F0767,Cotton,0.598
B1333,F1210,Cotton,0.598
B1333,F0059,Maize,0.598
B1334,F1413,Cotton,0.628
B1334,F0517,Millets,0.599
B1334,F0273,Millets,0.598
B1334,F1993,Maize,0.598
B1334,F1974,Millets,0.598
B1335,F0840,Cotton,0.6
B1335,F0752,Cotton,0.6
B1335,F0490,Cotton,0.6
B1335,F0385,Cotton,0.6
B1335,F0705,Cotton,0.599
B1336,F0582,Rice,0.6
B1336,F1215,Wheat,0.599
B1336,F0267,Sugarcane,0.599
B1336,F1874,Pulses,0.599
B1336,F0803,Rice,0.599
B1337,F1295,Sugarcane,0.804
B1337,F1213,Wheat,0.599
B1337,F1601,Millets,0.599
B1337,F1994,Rice,0.599
B1337,F1009,Sugarcane,0.599
B1338,F1691,Pulses,0.632
B1338,F1226,Pulses,0.598
B1338,F1361,Pulses,0.598
B1338,F1709,Millets,0.597
B1338,F1091,Sugarcane,0.597
B1339,F1321,Millets,0.86
B1339,F0465,Sugarcane,0.6
B1339,F1644,Wheat,0.599
B1339,F0418,Wheat,0.599
B1339,F1472,Wheat,0.598
B1340,F1110,Maize,0.899
B1340,F0485,Cotton,0.599
B1340,F1665,Maize,0.59
B1340,F1117,Barley,0.59
B1340,F0036,Cotton,0.59
B1341,F0563,Barley,0.599
B1341,F1654,Barley,0.598
B1341,F0524,Barley,0.598
B1341,F0449,Barley,0.597
B1341,F1117,Barley,0.596
B1342,F1151,Cotton,0.886
B1342,F1045,Pulses,0.599
B1342,F1947,Rice,0.599
B1342,F1368,Pulses,0.599
B1342,F1573,Pulses,0.598
B1343,F1196,Cotton,0.904
B1343,F1244,Barley,0.6
B1343,F1341,Barley,0.599
B1343,F1677,Barley,0.599
B1343,F0892,Barley,0.599
B1344,F0357,Wheat,0.755
B1344,F1138,Wheat,0.6
B1344,F1758,Rice,0.6
B1344,F0808,Rice,0.599
B1344,F0488,Sugarcane,0.599
B1345,F0200,Maize,0.599
B1345,F0288,Cotton,0.598
B1345,F0495,Cotton,0.597
B1345,F0951,Maize,0.595
B1345,F1524,Cotton,0.594
B1346,F0717,Maize,0.901
B1346,F1210,Cotton,0.599
B1346,F0385,Cotton,0.598
B1346,F0490,Cotton,0.598
B1346,F1207,Cotton,0.598
B1347,F0824,Barley,0.682
B1347,F1519,Sugarcane,0.6
B1347,F1581,Sugarcane,0.6
B1347,F1437,Pulses,0.6
B1347,F1434,Sugarcane,0.6
B1348,F1796,Wheat,0.599
B1348,F1393,Millets,0.599
B1348,F1407,Wheat,0.598
B1348,F1849,Rice,0.598
B1348,F1387,Rice,0.598
B1349,F1128,Wheat,0.889
B1349,F0957,Sugarcane,0.809
B1349,F0236,Sugarcane,0.6
B1349,F1023,Wheat,0.598
B1349,F1431,Rice,0.597
B1350,F0484,Pulses,0.599
B1350,F1171,Millets,0.599
B1350,F1666,Pulses,0.598
B1350,F0872,Millets,0.598
B1350,F1032,Millets,0.597
B1351,F1983,Sugarcane,0.86
B1351,F0131,Sugarcane,0.6
B1351,F0987,Sugarcane,0.6
B1351,F0528,Wheat,0.6
B1351,F1317,Wheat,0.597
B1352,F1553,Barley,0.747
B1352,F0383,Sugarcane,0.6
B1352,F0730,Sugarcane,0.599
B1352,F1145,Sugarcane,0.599
B1352,F1649,Rice,0.598
B1353,F1520,Cotton,0.781
B1353,F1780,Millets,0.6
B1353,F0073,Rice,0.599
B1353,F0933,Rice,0.599
B1353,F0493,Rice,0.599
B1354,F1740,Maize,0.867
B1354,F0092,Sugarcane,0.864
B1354,F0599,Sugarcane,0.763
B1354,F1328,Cotton,0.6
B1354,F0417,Cotton,0.6
B1355,F1513,Cotton,0.6
B1355,F1463,Cotton,0.599
B1355,F1504,Maize,0.597
B1355,F0433,Cotton,0.597
B1355,F1464,Maize,0.596
B1356,F0765,Cotton,0.731
B1356,F1176,Barley,0.716
B1356,F1215,Wheat,0.6
B1356,F0582,Rice,0.6
B1356,F0267,Sugarcane,0.599
B1357,F0976,Wheat,0.827
B1357,F0807,Millets,0.599
B1357,F0283,Pulses,0.597
B1357,F0176,Pulses,0.596
B1357,F1895,Rice,0.595
B1358,F1344,Rice,0.697
B1358,F1387,Rice,0.599
B1358,F1388,Sugarcane,0.599
B1358,F1310,Sugarcane,0.598
B1358,F0993,Wheat,0.598
B1359,F0380,Rice,0.77
B1359,F0032,Rice,0.6
B1359,F1514,Rice,0.6
B1359,F1423,Maize,0.6
B1359,F1862,Pulses,0.599
B1360,F1283,Rice,0.811
B1360,F1042,Wheat,0.6
B1360,F0578,Pulses,0.6
B1360,F1060,Sugarcane,0.599
B1360,F0877,Wheat,0.599
B1361,F0372,Millets,0.835
B1361,F1954,Sugarcane,0.813
B1361,F1311,Maize,0.607
B1361,F1613,Millets,0.6
B1361,F1448,Millets,0.597
B1362,F1048,Rice,0.857
B1362,F0520,Wheat,0.791
B1362,F1543,Sugarcane,0.599
B1362,F0428,Sugarcane,0.599
B1362,F1039,Rice,0.598
B1363,F0671,Rice,0.924
B1363,F1220,Maize,0.902
B1363,F1044,Rice,0.6
B1363,F1229,Pulses,0.6
B1363,F1366,Pulses,0.599
B1364,F1164,Pulses,0.6
B1364,F0826,Sugarcane,0.599
B1364,F1579,Pulses,0.599
B1364,F1324,Pulses,0.599
B1364,F1344,Rice,0.599
B1365,F0554,Sugarcane,0.805
B1365,F0705,Cotton,0.787
B1365,F1080,Rice,0.597
B1365,F1573,Pulses,0.597
B1365,F0452,Pulses,0.597
B1366,F0843,Rice,0.729
B1366,F0003,Cotton,0.599
B1366,F0230,Cotton,0.599
B1366,F0471,Cotton,0.598
B1366,F0944,Cotton,0.597
B1367,F0601,Cotton,0.914
B1367,F0963,Pulses,0.749
B1367,F1966,Rice,0.722
B1367,F0063,Cotton,0.598
B1367,F1030,Cotton,0.598
B1368,F1204,Wheat,0.6
B1368,F0859,Wheat,0.599
B1368,F0690,Wheat,0.599
B1368,F0108,Sugarcane,0.599
B1368,F0819,Sugarcane,0.598
B1369,F1285,Barley,0.821
B1369,F0307,Sugarcane,0.772
B1369,F0031,Cotton,0.72
B1369,F0949,Pulses,0.719
B1369,F1308,Millets,0.599
B1370,F0924,Barley,0.615
B1370,F0095,Pulses,0.599
B1370,F0076,Wheat,0.599
B1370,F1222,Wheat,0.598
B1370,F1271,Wheat,0.598
B1371,F0623,Barley,0.6
B1371,F0741,Barley,0.599
B1371,F0203,Barley,0.598
B1371,F1821,Barley,0.598
B1371,F1275,Barley,0.597
B1372,F0493,Rice,0.599
B1372,F1730,Pulses,0.598
B1372,F1780,Millets,0.597
B1372,F0888,Pulses,0.597
B1372,F1392,Pulses,0.596
B1373,F1831,Wheat,0.887
B1373,F1526,Maize,0.599
B1373,F1444,Maize,0.599
B1373,F1766,Millets,0.599
B1373,F0219,Millets,0.598
B1374,F0774,Sugarcane,0.886
B1374,F0331,Rice,0.834
B1374,F1370,Wheat,0.597
B1374,F0282,Sugarcane,0.596
B1374,F1591,Sugarcane,0.596
B1375,F1135,Maize,0.895
B1375,F0557,Millets,0.767
B1375,F1600,Cotton,0.6
B1375,F0553,Cotton,0.6
B1375,F1205,Cotton,0.599
B1376,F0112,Barley,0.6
B1376,F0711,Barley,0.6
B1376,F0388,Barley,0.599
B1376,F0824,Barley,0.599
B1376,F1589,Barley,0.598
B1377,F0016,Cotton,0.867
B1377,F1525,Cotton,0.599
B1377,F0547,Cotton,0.599
B1377,F0727,Maize,0.598
B1377,F0338,Maize,0.596
B1378,F1153,Sugarcane,0.599
B1378,F0680,Wheat,0.599
B1378,F0759,Rice,0.598
B1378,F0898,Sugarcane,0.598
B1378,F1725,Wheat,0.598
B1379,F1060,Sugarcane,0.6
B1379,F0877,Wheat,0.6
B1379,F0578,Pulses,0.6
B1379,F0836,Sugarcane,0.599
B1379,F1042,Wheat,0.599
B1380,F1867,Wheat,0.932
B1380,F0549,Wheat,0.755
B1380,F0002,Sugarcane,0.599
B1380,F0995,Sugarcane,0.598
B1380,F0235,Sugarcane,0.598
B1381,F1090,Wheat,0.876
B1381,F1903,Rice,0.598
B1381,F0696,Sugarcane,0.598
B1381,F0372,Millets,0.598
B1381,F0807,Millets,0.597
B1382,F1645,Rice,0.599
B1382,F1026,Pulses,0.599
B1382,F0552,Sugarcane,0.599
B1382,F0482,Pulses,0.599
B1382,F0296,Sugarcane,0.599
B1383,F0078,Sugarcane,0.6
B1383,F0010,Wheat,0.599
B1383,F1557,Wheat,0.599
B1383,F1720,Rice,0.599
B1383,F1987,Wheat,0.599
B1384,F1234,Rice,0.839
B1384,F0904,Barley,0.599
B1384,F0849,Barley,0.598
B1384,F0931,Barley,0.598
B1384,F1124,Barley,0.596
B1385,F1166,Wheat,0.909
B1385,F0410,Pulses,0.6
B1385,F0778,Millets,0.6
B1385,F1339,Pulses,0.599
B1385,F1854,Rice,0.599
B1386,F1673,Millets,0.932
B1386,F1173,Maize,0.599
B1386,F0700,Maize,0.599
B1386,F1844,Maize,0.599
B1386,F1413,Cotton,0.597
B1387,F1849,Rice,0.804
B1387,F1330,Cotton,0.6
B1387,F1968,Millets,0.599
B1387,F0199,Cotton,0.598
B1387,F1047,Maize,0.598
B1388,F0449,Barley,0.821
B1388,F1899,Millets,0.6
B1388,F1481,Maize,0.6
B1388,F0387,Maize,0.599
B1388,F1475,Millets,0.598
B1389,F1549,Cotton,0.789
B1389,F1465,Maize,0.648
B1389,F0079,Barley,0.607
B1389,F1104,Rice,0.6
B1389,F1148,Wheat,0.6
B1390,F0315,Maize,0.6
B1390,F0639,Wheat,0.599
B1390,F0143,Sugarcane,0.599
B1390,F1510,Sugarcane,0.598
B1390,F1268,Sugarcane,0.597
B1391,F0644,Rice,0.598
B1391,F1139,Sugarcane,0.597
B1391,F1186,Sugarcane,0.597
B1391,F0514,Pulses,0.597
B1391,F1854,Rice,0.597
B1392,F1132,Wheat,0.6
B1392,F0357,Wheat,0.6
B1392,F0755,Wheat,0.599
B1392,F0983,Sugarcane,0.598
B1392,F1415,Wheat,0.598
B1393,F1723,Barley,0.82
B1393,F1841,Wheat,0.621
B1393,F1375,Maize,0.6
B1393,F0661,Millets,0.599
B1393,F0029,Millets,0.598
B1394,F0730,Sugarcane,0.73
B1394,F1047,Maize,0.599
B1394,F0199,Cotton,0.599
B1394,F0716,Millets,0.599
B1394,F0509,Millets,0.599
B1395,F0688,Cotton,0.6
B1395,F1549,Cotton,0.6
B1395,F0060,Cotton,0.599
B1395,F1808,Cotton,0.599
B1395,F1056,Cotton,0.599
B1396,F1895,Rice,0.599
B1396,F0372,Millets,0.599
B1396,F0696,Sugarcane,0.599
B1396,F0781,Rice,0.598
B1396,F1239,Rice,0.598
B1397,F1283,Rice,0.6
B1397,F0958,Rice,0.6
B1397,F1774,Sugarcane,0.599
B1397,F0267,Sugarcane,0.599
B1397,F1690,Sugarcane,0.599
B1398,F0421,Wheat,0.804
B1398,F0757,Wheat,0.6
B1398,F0613,Sugarcane,0.6
B1398,F1254,Wheat,0.6
B1398,F0863,Wheat,0.599
B1399,F0503,Cotton,0.87
B1399,F0718,Sugarcane,0.612
B1399,F0157,Barley,0.598
B1399,F0242,Barley,0.597
B1399,F1030,Cotton,0.592
B1400,F0022,Cotton,0.848
B1400,F1113,Millets,0.846
B1400,F1429,Pulses,0.829
B1400,F0545,Rice,0.599
B1400,F0033,Sugarcane,0.599
B1401,F0256,Maize,0.675
B1401,F0777,Rice,0.6
B1401,F0422,Wheat,0.599
B1401,F0236,Sugarcane,0.599
B1401,F1498,Millets,0.598
B1402,F0850,Pulses,0.93
B1402,F1804,Millets,0.6
B1402,F0882,Pulses,0.6
B1402,F0497,Maize,0.599
B1402,F0758,Maize,0.599
B1403,F0724,Rice,0.683
B1403,F0247,Rice,0.6
B1403,F0785,Wheat,0.599
B1403,F0534,Rice,0.599
B1403,F0127,Wheat,0.599
B1404,F0172,Cotton,0.701
B1404,F1208,Pulses,0.6
B1404,F1368,Pulses,0.597
B1404,F1420,Rice,0.596
B1404,F1523,Rice,0.596
B1405,F0049,Pulses,0.599
B1405,F0903,Pulses,0.599
B1405,F0820,Rice,0.598
B1405,F0709,Millets,0.597
B1405,F1055,Rice,0.597
B1406,F0034,Wheat,0.688
B1406,F0288,Cotton,0.598
B1406,F0469,Cotton,0.597
B1406,F1524,Cotton,0.595
B1406,F1082,Cotton,0.594
B1407,F1375,Maize,0.739
B1407,F1285,Barley,0.654
B1407,F0897,Pulses,0.598
B1407,F0977,Millets,0.598
B1407,F0696,Sugarcane,0.598
B1408,F1264,Barley,0.598
B1408,F0796,Barley,0.597
B1408,F1977,Barley,0.595
B1408,F1116,Barley,0.595
B1408,F0927,Cotton,0.594
B1409,F1503,Pulses,0.6
B1409,F0791,Pulses,0.6
B1409,F0325,Pulses,0.599
B1409,F1597,Sugarcane,0.599
B1409,F1888,Sugarcane,0.598
B1410,F1882,Wheat,0.822
B1410,F1768,Rice,0.599
B1410,F1967,Rice,0.599
B1410,F0017,Sugarcane,0.599
B1410,F0109,Pulses,0.599
B1411,F0034,Wheat,0.599
B1411,F0294,Wheat,0.599
B1411,F0295,Wheat,0.599
B1411,F0687,Pulses,0.598
B1411,F0489,Rice,0.598
B1412,F0330,Millets,0.675
B1412,F1419,Cotton,0.599
B1412,F1523,Rice,0.599
B1412,F1420,Rice,0.598
B1412,F1719,Wheat,0.596
B1413,F1118,Cotton,0.599
B1413,F1311,Maize,0.599
B1413,F0539,Cotton,0.598
B1413,F0810,Cotton,0.598
B1413,F1656,Maize,0.598
B1414,F0233,Sugarcane,0.875
B1414,F1573,Pulses,0.599
B1414,F1191,Maize,0.598
B1414,F0802,Pulses,0.597
B1414,F1045,Pulses,0.597
B1415,F1832,Cotton,0.633
B1415,F0941,Sugarcane,0.599
B1415,F0295,Wheat,0.598
B1415,F0034,Wheat,0.598
B1415,F1393,Millets,0.598
B1416,F1988,Sugarcane,0.802
B1416,F0555,Rice,0.6
B1416,F2000,Rice,0.599
B1416,F1159,Sugarcane,0.599
B1416,F1699,Rice,0.599
B1417,F1877,Cotton,0.85
B1417,F1394,Pulses,0.831
B1417,F1726,Pulses,0.824
B1417,F1283,Rice,0.599
B1417,F0092,Sugarcane,0.599
B1418,F0840,Cotton,0.597
B1418,F0647,Cotton,0.596
B1418,F0752,Cotton,0.596
B1418,F1069,Cotton,0.596
B1418,F0705,Cotton,0.595
B1419,F1882,Wheat,0.599
B1419,F0233,Sugarcane,0.598
B1419,F0421,Wheat,0.597
B1419,F1753,Wheat,0.597
B1419,F0185,Rice,0.596
B1420,F0767,Cotton,0.598
B1420,F1064,Cotton,0.597
B1420,F1266,Maize,0.597
B1420,F1620,Cotton,0.596
B1420,F1471,Cotton,0.596
B1421,F1931,Millets,0.738
B1421,F0841,Barley,0.6
B1421,F0346,Barley,0.6
B1421,F0550,Barley,0.599
B1421,F1224,Barley,0.597
B1422,F0372,Millets,0.676
B1422,F0738,Cotton,0.6
B1422,F1737,Cotton,0.6
B1422,F0950,Cotton,0.599
B1422,F0590,Cotton,0.599
B1423,F1108,Pulses,0.97
B1423,F0052,Pulses,0.6
B1423,F0874,Rice,0.6
B1423,F1831,Wheat,0.599
B1423,F0579,Wheat,0.599
B1424,F0890,Rice,0.599
B1424,F0833,Maize,0.599
B1424,F0118,Pulses,0.599
B1424,F0671,Rice,0.599
B1424,F0339,Sugarcane,0.598
B1425,F0091,Millets,0.599
B1425,F0789,Millets,0.599
B1425,F1155,Millets,0.598
B1425,F0408,Millets,0.598
B1425,F1509,Millets,0.597
B1426,F0420,Pulses,0.8
B1426,F0962,Rice,0.6
B1426,F1911,Sugarcane,0.6
B1426,F1396,Pulses,0.599
B1426,F0196,Wheat,0.599
B1427,F0667,Pulses,0.599
B1427,F0226,Wheat,0.599
B1427,F1421,Rice,0.597
B1427,F0287,Rice,0.597
B1427,F1725,Wheat,0.596
B1428,F1665,Maize,0.599
B1428,F0719,Millets,0.596
B1428,F1973,Maize,0.594
B1428,F0990,Millets,0.59
B1428,F0005,Maize,0.589
B1429,F1380,Wheat,0.88
B1429,F1538,Pulses,0.796
B1429,F1045,Pulses,0.6
B1429,F0802,Pulses,0.6
B1429,F1947,Rice,0.6
B1430,F1284,Rice,0.87
B1430,F0873,Wheat,0.6
B1430,F0723,Sugarcane,0.6
B1430,F1811,Wheat,0.6
B1430,F1840,Rice,0.599
B1431,F1289,Sugarcane,0.815
B1431,F1083,Cotton,0.647
B1431,F1459,Pulses,0.6
B1431,F1536,Wheat,0.6
B1431,F0248,Rice,0.599
B1432,F0297,Pulses,0.812
B1432,F0705,Cotton,0.599
B1432,F0752,Cotton,0.599
B1432,F0880,Cotton,0.598
B1432,F0840,Cotton,0.598
B1433,F0847,Wheat,0.719
B1433,F0444,Millets,0.599
B1433,F0434,Millets,0.598
B1433,F0111,Millets,0.598
B1433,F0386,Millets,0.598
B1434,F0072,Wheat,0.6
B1434,F0530,Wheat,0.599
B1434,F0137,Rice,0.598
B1434,F0986,Wheat,0.598
B1434,F1539,Pulses,0.597
B1435,F0720,Sugarcane,0.6
B1435,F0056,Sugarcane,0.6
B1435,F0595,Sugarcane,0.599
B1435,F1411,Sugarcane,0.599
B1435,F0123,Wheat,0.598
B1436,F0901,Cotton,0.6
B1436,F1049,Cotton,0.6
B1436,F0913,Cotton,0.599
B1436,F0100,Cotton,0.598
B1436,F0726,Cotton,0.598
B1437,F1623,Pulses,0.839
B1437,F0859,Wheat,0.731
B1437,F0393,Millets,0.599
B1437,F1342,Millets,0.599
B1437,F0830,Millets,0.599
B1438,F0897,Pulses,0.599
B1438,F1667,Millets,0.599
B1438,F1005,Rice,0.597
B1438,F1483,Pulses,0.596
B1438,F1480,Millets,0.596
B1439,F0085,Barley,0.621
B1439,F0072,Wheat,0.6
B1439,F0530,Wheat,0.599
B1439,F0342,Sugarcane,0.598
B1439,F0986,Wheat,0.598
B1440,F1814,Cotton,0.711
B1440,F0234,Sugarcane,0.599
B1440,F0534,Rice,0.599
B1440,F0582,Rice,0.598
B1440,F0247,Rice,0.598
B1441,F0049,Pulses,0.599
B1441,F0903,Pulses,0.599
B1441,F0969,Pulses,0.598
B1441,F1662,Maize,0.598
B1441,F1761,Millets,0.598
B1442,F0764,Wheat,0.774
B1442,F1266,Maize,0.599
B1442,F1471,Cotton,0.598
B1442,F1580,Maize,0.598
B1442,F1064,Cotton,0.597
B1443,F0731,Maize,0.863
B1443,F0904,Barley,0.837
B1443,F0030,Sugarcane,0.598
B1443,F0275,Rice,0.598
B1443,F1608,Rice,0.597
B1444,F1213,Wheat,0.599
B1444,F1009,Sugarcane,0.599
B1444,F1601,Millets,0.599
B1444,F1994,Rice,0.599
B1444,F0023,Wheat,0.599
B1445,F0368,Wheat,0.6
B1445,F1721,Pulses,0.6
B1445,F0917,Wheat,0.599
B1445,F1396,Pulses,0.599
B1445,F1729,Wheat,0.599
B1446,F1266,Maize,0.599
B1446,F1471,Cotton,0.598
B1446,F1064,Cotton,0.598
B1446,F0395,Maize,0.598
B1446,F1428,Maize,0.597
B1447,F1525,Cotton,0.599
B1447,F0547,Cotton,0.595
B1447,F0727,Maize,0.594
B1447,F1778,Maize,0.594
B1447,F1602,Barley,0.593
B1448,F1807,Sugarcane,0.773
B1448,F0829,Barley,0.599
B1448,F1822,Barley,0.597
B1448,F1542,Barley,0.597
B1448,F1759,Barley,0.597
B1449,F1930,Maize,0.841
B1449,F1901,Sugarcane,0.6
B1449,F1295,Sugarcane,0.599
B1449,F0297,Pulses,0.598
B1449,F0080,Sugarcane,0.598
B1450,F1930,Maize,0.883
B1450,F0610,Millets,0.6
B1450,F0649,Millets,0.599
B1450,F1706,Millets,0.599
B1450,F1716,Millets,0.599
B1451,F1050,Rice,0.726
B1451,F1617,Barley,0.6
B1451,F1224,Barley,0.599
B1451,F0550,Barley,0.599
B1451,F0505,Barley,0.598
B1452,F0575,Barley,0.6
B1452,F0146,Barley,0.599
B1452,F0946,Barley,0.599
B1452,F1703,Barley,0.595
B1452,F0062,Barley,0.595
B1453,F0089,Sugarcane,0.599
B1453,F0578,Pulses,0.598
B1453,F0806,Sugarcane,0.598
B1453,F1042,Wheat,0.598
B1453,F0354,Millets,0.598
B1454,F0534,Rice,0.599
B1454,F0785,Wheat,0.599
B1454,F0127,Wheat,0.599
B1454,F0981,Sugarcane,0.599
B1454,F0247,Rice,0.599
B1455,F1713,Cotton,0.598
B1455,F0729,Cotton,0.597
B1455,F1832,Cotton,0.596
B1455,F0216,Cotton,0.596
B1455,F1462,Cotton,0.595
B1456,F0792,Millets,0.599
B1456,F1111,Rice,0.598
B1456,F0089,Sugarcane,0.598
B1456,F0354,Millets,0.598
B1456,F1139,Sugarcane,0.598
B1457,F0225,Wheat,0.6
B1457,F0092,Sugarcane,0.599
B1457,F1535,Maize,0.599
B1457,F0098,Sugarcane,0.599
B1457,F0054,Sugarcane,0.599
B1458,F0673,Pulses,0.599
B1458,F0435,Sugarcane,0.599
B1458,F1948,Wheat,0.598
B1458,F0694,Sugarcane,0.598
B1458,F0390,Rice,0.598
B1459,F1068,Barley,0.906
B1459,F1184,Sugarcane,0.838
B1459,F0021,Pulses,0.6
B1459,F0788,Millets,0.6
B1459,F0943,Millets,0.599
B1460,F0157,Barley,0.598
B1460,F0242,Barley,0.598
B1460,F0012,Barley,0.597
B1460,F0112,Barley,0.594
B1460,F0711,Barley,0.594
B1461,F0708,Millets,0.636
B1461,F1498,Millets,0.599
B1461,F0499,Rice,0.599
B1461,F0777,Rice,0.599
B1461,F0128,Rice,0.597
B1462,F1301,Barley,0.597
B1462,F0356,Barley,0.597
B1462,F0683,Barley,0.597
B1462,F0575,Barley,0.594
B1462,F0469,Cotton,0.593
B1463,F0713,Rice,0.839
B1463,F1753,Wheat,0.599
B1463,F1811,Wheat,0.599
B1463,F0873,Wheat,0.599
B1463,F1009,Sugarcane,0.599
B1464,F1910,Cotton,0.845
B1464,F1246,Millets,0.599
B1464,F1666,Pulses,0.599
B1464,F1171,Millets,0.599
B1464,F1394,Pulses,0.598
B1465,F0017,Sugarcane,0.974
B1465,F0364,Wheat,0.599
B1465,F1980,Wheat,0.599
B1465,F0600,Pulses,0.598
B1465,F1641,Sugarcane,0.598
B1466,F1572,Millets,0.706
B1466,F0886,Cotton,0.6
B1466,F0831,Cotton,0.599
B1466,F1118,Cotton,0.599
B1466,F1635,Cotton,0.599
B1467,F0236,Sugarcane,0.6
B1467,F0422,Wheat,0.598
B1467,F0777,Rice,0.598
B1467,F1448,Millets,0.595
B1467,F1613,Millets,0.595
B1468,F0760,Barley,0.829
B1468,F0450,Pulses,0.599
B1468,F1483,Pulses,0.599
B1468,F1105,Pulses,0.598
B1468,F0283,Pulses,0.598
B1469,F1680,Wheat,0.6
B1469,F1292,Cotton,0.6
B1469,F1295,Sugarcane,0.599
B1469,F1090,Wheat,0.599
B1469,F0928,Sugarcane,0.599
B1470,F0475,Maize,0.727
B1470,F0941,Sugarcane,0.599
B1470,F1849,Rice,0.598
B1470,F1650,Wheat,0.597
B1470,F1653,Wheat,0.597
B1471,F1007,Sugarcane,0.85
B1471,F0011,Maize,0.819
B1471,F1721,Pulses,0.599
B1471,F1396,Pulses,0.598
B1471,F0072,Wheat,0.598
B1472,F0993,Wheat,0.6
B1472,F1310,Sugarcane,0.6
B1472,F1388,Sugarcane,0.599
B1472,F1387,Rice,0.599
B1472,F1007,Sugarcane,0.598
B1473,F0149,Rice,0.838
B1473,F1198,Maize,0.599
B1473,F0111,Millets,0.599
B1473,F1806,Maize,0.599
B1473,F0527,Maize,0.598
B1474,F1014,Maize,0.772
B1474,F1226,Pulses,0.599
B1474,F1361,Pulses,0.599
B1474,F1914,Pulses,0.599
B1474,F1091,Sugarcane,0.599
B1475,F0270,Maize,0.6
B1475,F1030,Cotton,0.598
B1475,F1610,Maize,0.598
B1475,F0516,Maize,0.596
B1475,F0537,Millets,0.596
B1476,F1592,Maize,0.872
B1476,F1889,Barley,0.6
B1476,F0201,Barley,0.599
B1476,F1092,Barley,0.599
B1476,F1389,Barley,0.598
B1477,F1274,Maize,0.92
B1477,F0372,Millets,0.599
B1477,F0696,Sugarcane,0.599
B1477,F0781,Rice,0.599
B1477,F1555,Sugarcane,0.599
B1478,F1916,Wheat,0.6
B1478,F0285,Wheat,0.598
B1478,F1906,Wheat,0.598
B1478,F1351,Sugarcane,0.598
B1478,F0308,Wheat,0.598
B1479,F1579,Pulses,0.815
B1479,F0766,Maize,0.598
B1479,F1167,Cotton,0.598
B1479,F0996,Cotton,0.597
B1479,F0947,Cotton,0.595
B1480,F1604,Rice,0.928
B1480,F0038,Rice,0.912
B1480,F1429,Pulses,0.599
B1480,F1936,Millets,0.598
B1480,F0631,Rice,0.598
B1481,F0538,Barley,0.6
B1481,F0824,Barley,0.598
B1481,F0711,Barley,0.598
B1481,F0112,Barley,0.597
B1481,F0388,Barley,0.597
B1482,F0319,Barley,0.599
B1482,F0790,Barley,0.599
B1482,F0161,Barley,0.598
B1482,F0168,Barley,0.598
B1482,F1134,Barley,0.598
B1483,F1535,Maize,0.794
B1483,F1350,Cotton,0.599
B1483,F1483,Pulses,0.597
B1483,F0329,Millets,0.596
B1483,F1531,Pulses,0.596
B1484,F0806,Sugarcane,0.832
B1484,F1673,Millets,0.826
B1484,F0943,Millets,0.675
B1484,F1122,Maize,0.598
B1484,F1709,Millets,0.597
B1485,F0638,Barley,0.6
B1485,F0284,Barley,0.6
B1485,F1267,Barley,0.6
B1485,F0328,Barley,0.599
B1485,F1733,Barley,0.599
B1486,F1438,Cotton,0.6
B1486,F1803,Maize,0.599
B1486,F1161,Millets,0.598
B1486,F1772,Maize,0.598
B1486,F1220,Maize,0.597
B1487,F1976,Rice,0.896
B1487,F1618,Rice,0.804
B1487,F0881,Cotton,0.723
B1487,F0901,Cotton,0.6
B1487,F1049,Cotton,0.599
B1488,F1917,Sugarcane,0.76
B1488,F1352,Millets,0.6
B1488,F0040,Maize,0.6
B1488,F0122,Cotton,0.599
B1488,F1497,Millets,0.598
B1489,F1370,Wheat,0.599
B1489,F1593,Sugarcane,0.598
B1489,F0363,Rice,0.598
B1489,F1168,Pulses,0.597
B1489,F0282,Sugarcane,0.597
B1490,F1929,Millets,0.792
B1490,F1008,Cotton,0.772
B1490,F1458,Sugarcane,0.6
B1490,F1442,Wheat,0.599
B1490,F0668,Sugarcane,0.599
B1491,F1171,Millets,0.599
B1491,F0724,Rice,0.599
B1491,F0484,Pulses,0.598
B1491,F1666,Pulses,0.597
B1491,F1473,Rice,0.597
B1492,F0847,Wheat,0.781
B1492,F1664,Maize,0.599
B1492,F0303,Maize,0.598
B1492,F1937,Maize,0.598
B1492,F0053,Maize,0.597
B1493,F1565,Maize,0.599
B1493,F0974,Maize,0.598
B1493,F0338,Maize,0.597
B1493,F0927,Cotton,0.597
B1493,F1893,Cotton,0.595
B1494,F1931,Millets,0.599
B1494,F0970,Maize,0.599
B1494,F1752,Millets,0.598
B1494,F0618,Millets,0.598
B1494,F1936,Millets,0.597
B1495,F0240,Millets,0.959
B1495,F1910,Cotton,0.889
B1495,F0647,Cotton,0.596
B1495,F0905,Maize,0.596
B1495,F1346,Maize,0.595
B1496,F0815,Sugarcane,0.599
B1496,F0692,Pulses,0.599
B1496,F1627,Rice,0.598
B1496,F1746,Wheat,0.598
B1496,F0105,Wheat,0.598
B1497,F1254,Wheat,0.6
B1497,F0613,Sugarcane,0.6
B1497,F0757,Wheat,0.6
B1497,F1742,Wheat,0.6
B1497,F0863,Wheat,0.599
B1498,F1715,Pulses,0.891
B1498,F1242,Sugarcane,0.852
B1498,F1109,Pulses,0.6
B1498,F0406,Sugarcane,0.6
B1498,F1359,Sugarcane,0.6
B1499,F1849,Rice,0.599
B1499,F1796,Wheat,0.598
B1499,F0941,Sugarcane,0.598
B1499,F0815,Sugarcane,0.598
B1499,F0692,Pulses,0.598
B1500,F0092,Sugarcane,0.935
B1500,F0757,Wheat,0.809
B1500,F0058,Rice,0.785
B1500,F1605,Sugarcane,0.6
B1500,F1508,Wheat,0.599
B1501,F1090,Wheat,0.6
B1501,F0371,Sugarcane,0.599
B1501,F0769,Sugarcane,0.599
B1501,F1680,Wheat,0.599
B1501,F0928,Sugarcane,0.599
B1502,F1103,Sugarcane,0.599
B1502,F0225,Wheat,0.599
B1502,F1535,Maize,0.599
B1502,F0098,Sugarcane,0.599
B1502,F0636,Wheat,0.599
B1503,F1908,Rice,0.6
B1503,F1727,Sugarcane,0.599
B1503,F1564,Wheat,0.599
B1503,F0718,Sugarcane,0.598
B1503,F1399,Sugarcane,0.598
B1504,F1978,Maize,0.599
B1504,F0535,Maize,0.598
B1504,F0200,Maize,0.597
B1504,F0412,Millets,0.595
B1504,F1524,Cotton,0.594
B1505,F1167,Cotton,0.868
B1505,F1371,Barley,0.6
B1505,F0860,Barley,0.6
B1505,F0214,Barley,0.6
B1505,F1424,Barley,0.6
B1506,F0789,Millets,0.702
B1506,F0847,Wheat,0.6
B1506,F0037,Sugarcane,0.6
B1506,F1294,Rice,0.599
B1506,F0976,Wheat,0.599
B1507,F0583,Sugarcane,0.658
B1507,F0017,Sugarcane,0.655
B1507,F1268,Sugarcane,0.599
B1507,F1404,Pulses,0.599
B1507,F0340,Sugarcane,0.599
B1508,F1670,Sugarcane,0.599
B1508,F1221,Rice,0.599
B1508,F1363,Rice,0.599
B1508,F1948,Wheat,0.598
B1508,F1622,Wheat,0.598
B1509,F0471,Cotton,0.599
B1509,F1890,Cotton,0.599
B1509,F0003,Cotton,0.598
B1509,F1556,Cotton,0.598
B1509,F0230,Cotton,0.598
B1510,F1817,Wheat,0.6
B1510,F1242,Sugarcane,0.6
B1510,F1436,Wheat,0.598
B1510,F0205,Sugarcane,0.597
B1510,F1554,Sugarcane,0.597
B1511,F1072,Wheat,0.969
B1511,F1037,Millets,0.951
B1511,F1300,Wheat,0.845
B1511,F0614,Wheat,0.6
B1511,F0801,Rice,0.599
B1512,F1903,Rice,0.6
B1512,F1125,Pulses,0.599
B1512,F0450,Pulses,0.598
B1512,F0545,Rice,0.598
B1512,F1615,Pulses,0.598
B1513,F1350,Cotton,0.848
B1513,F0451,Pulses,0.6
B1513,F1502,Pulses,0.6
B1513,F0271,Pulses,0.599
B1513,F1873,Maize,0.598
B1514,F1562,Sugarcane,0.877
B1514,F0676,Cotton,0.675
B1514,F1349,Millets,0.6
B1514,F0835,Rice,0.599
B1514,F1957,Pulses,0.599
B1515,F1614,Rice,0.751
B1515,F1330,Cotton,0.647
B1515,F1491,Rice,0.599
B1515,F1547,Millets,0.599
B1515,F1392,Pulses,0.599
B1516,F0254,Cotton,0.595
B1516,F0881,Cotton,0.594
B1516,F1972,Cotton,0.594
B1516,F1389,Barley,0.593
B1516,F0201,Barley,0.593
B1517,F1855,Millets,0.6
B1517,F1238,Millets,0.598
B1517,F1717,Millets,0.598
B1517,F0345,Maize,0.598
B1517,F0492,Cotton,0.598
B1518,F0231,Pulses,0.6
B1518,F0664,Pulses,0.599
B1518,F1451,Millets,0.599
B1518,F0585,Pulses,0.599
B1518,F1630,Pulses,0.599
B1519,F0739,Cotton,0.682
B1519,F0236,Sugarcane,0.6
B1519,F0777,Rice,0.598
B1519,F1023,Wheat,0.597
B1519,F1431,Rice,0.596
B1520,F1137,Barley,0.931
B1520,F0178,Maize,0.599
B1520,F0611,Cotton,0.599
B1520,F1772,Maize,0.598
B1520,F0883,Maize,0.598
B1521,F0850,Pulses,0.814
B1521,F0541,Barley,0.6
B1521,F0319,Barley,0.599
B1521,F0366,Barley,0.599
B1521,F1134,Barley,0.598
B1522,F1565,Maize,0.599
B1522,F1893,Cotton,0.597
B1522,F1200,Cotton,0.597
B1522,F1567,Cotton,0.596
B1522,F0338,Maize,0.596
B1523,F0807,Millets,0.599
B1523,F0283,Pulses,0.599
B1523,F0450,Pulses,0.598
B1523,F1483,Pulses,0.598
B1523,F1903,Rice,0.597
B1524,F1091,Sugarcane,0.883
B1524,F1833,Sugarcane,0.599
B1524,F0348,Sugarcane,0.599
B1524,F1555,Sugarcane,0.599
B1524,F1986,Pulses,0.599
B1525,F0722,Maize,0.819
B1525,F0214,Barley,0.798
B1525,F1838,Sugarcane,0.599
B1525,F1133,Pulses,0.599
B1525,F0958,Rice,0.599
B1526,F1302,Sugarcane,0.761
B1526,F1787,Sugarcane,0.6
B1526,F1099,Pulses,0.6
B1526,F0750,Wheat,0.599
B1526,F1798,Wheat,0.599
B1527,F1052,Rice,0.6
B1527,F0106,Wheat,0.599
B1527,F0959,Wheat,0.599
B1527,F1022,Rice,0.599
B1527,F0548,Sugarcane,0.599
B1528,F1245,Barley,0.599
B1528,F0909,Barley,0.598
B1528,F1251,Barley,0.598
B1528,F1343,Barley,0.597
B1528,F1043,Barley,0.593
B1529,F1599,Millets,0.654
B1529,F1392,Pulses,0.599
B1529,F0109,Pulses,0.599
B1529,F0493,Rice,0.599
B1529,F1967,Rice,0.599
B1530,F0615,Pulses,0.921
B1530,F1749,Barley,0.789
B1530,F0881,Cotton,0.599
B1530,F0588,Maize,0.597
B1530,F1067,Cotton,0.595
B1531,F0379,Wheat,0.597
B1531,F1529,Pulses,0.596
B1531,F1642,Rice,0.596
B1531,F1659,Rice,0.595
B1531,F1086,Rice,0.595
B1532,F1550,Millets,0.599
B1532,F0702,Millets,0.597
B1532,F0532,Millets,0.597
B1532,F0005,Maize,0.596
B1532,F0180,Maize,0.592
B1533,F0890,Rice,0.864
B1533,F1456,Cotton,0.691
B1533,F1005,Rice,0.6
B1533,F1615,Pulses,0.599
B1533,F1125,Pulses,0.599
B1534,F0925,Rice,0.818
B1534,F1523,Rice,0.722
B1534,F0968,Pulses,0.6
B1534,F0926,Maize,0.599
B1534,F1861,Pulses,0.599
B1535,F1714,Cotton,0.599
B1535,F0765,Cotton,0.599
B1535,F1772,Maize,0.599
B1535,F0601,Cotton,0.598
B1535,F0178,Maize,0.598
B1536,F1851,Maize,0.968
B1536,F0883,Maize,0.599
B1536,F1526,Maize,0.599
B1536,F1772,Maize,0.598
B1536,F1989,Maize,0.598
B1537,F1389,Barley,0.599
B1537,F0201,Barley,0.598
B1537,F1889,Barley,0.597
B1537,F0960,Barley,0.597
B1537,F0570,Barley,0.591
B1538,F1156,Rice,0.688
B1538,F0219,Millets,0.6
B1538,F0854,Maize,0.6
B1538,F1307,Millets,0.599
B1538,F1984,Maize,0.599
B1539,F1855,Millets,0.947
B1539,F1531,Pulses,0.599
B1539,F0453,Pulses,0.598
B1539,F1133,Pulses,0.598
B1539,F0830,Millets,0.598
B1540,F0655,Pulses,0.599
B1540,F1837,Pulses,0.599
B1540,F0405,Millets,0.599
B1540,F0797,Cotton,0.598
B1540,F1763,Maize,0.597
B1541,F0381,Millets,0.887
B1541,F0042,Barley,0.749
B1541,F1822,Barley,0.599
B1541,F0496,Barley,0.596
B1541,F0031,Cotton,0.595
B1542,F1834,Maize,0.599
B1542,F0147,Maize,0.599
B1542,F0662,Maize,0.599
B1542,F0649,Millets,0.598
B1542,F0858,Maize,0.598
B1543,F1066,Maize,0.599
B1543,F1173,Maize,0.597
B1543,F1844,Maize,0.597
B1543,F1308,Millets,0.597
B1543,F1274,Maize,0.596
B1544,F0568,Millets,0.999
B1544,F0720,Sugarcane,0.909
B1544,F0943,Millets,0.6
B1544,F0021,Pulses,0.6
B1544,F0882,Pulses,0.599
B1545,F1458,Sugarcane,0.6
B1545,F1442,Wheat,0.6
B1545,F0668,Sugarcane,0.599
B1545,F0833,Maize,0.599
B1545,F1976,Rice,0.599
B1546,F0200,Maize,0.597
B1546,F0412,Millets,0.597
B1546,F1978,Maize,0.596
B1546,F0535,Maize,0.595
B1546,F1931,Millets,0.592
B1547,F1925,Wheat,0.871
B1547,F1735,Rice,0.708
B1547,F0592,Millets,0.6
B1547,F1476,Millets,0.599
B1547,F1425,Millets,0.599
B1548,F0771,Cotton,0.838
B1548,F1632,Maize,0.6
B1548,F0649,Millets,0.599
B1548,F1953,Maize,0.598
B1548,F0658,Maize,0.598
B1549,F1175,Rice,0.875
B1549,F0018,Millets,0.6
B1549,F1276,Millets,0.599
B1549,F0099,Pulses,0.599
B1549,F1596,Millets,0.598
B1550,F1361,Pulses,0.883
B1550,F1745,Pulses,0.838
B1550,F1484,Rice,0.798
B1550,F1247,Pulses,0.708
B1550,F1316,Sugarcane,0.6
B1551,F1170,Maize,0.679
B1551,F1007,Sugarcane,0.599
B1551,F0919,Sugarcane,0.599
B1551,F1158,Rice,0.599
B1551,F0581,Pulses,0.598
B1552,F1774,Sugarcane,0.807
B1552,F0415,Maize,0.598
B1552,F1894,Maize,0.598
B1552,F1789,Cotton,0.598
B1552,F0990,Millets,0.596
B1553,F0923,Rice,0.779
B1553,F0629,Barley,0.6
B1553,F1058,Barley,0.6
B1553,F0787,Barley,0.599
B1553,F1629,Barley,0.599
B1554,F0026,Pulses,0.599
B1554,F0233,Sugarcane,0.598
B1554,F0614,Wheat,0.597
B1554,F0685,Rice,0.597
B1554,F1777,Wheat,0.597
B1555,F1936,Millets,0.599
B1555,F1105,Pulses,0.599
B1555,F1309,Rice,0.599
B1555,F0631,Rice,0.599
B1555,F1612,Pulses,0.598
B1556,F1591,Sugarcane,0.824
B1556,F1725,Wheat,0.8
B1556,F1712,Rice,0.773
B1556,F0903,Pulses,0.6
B1556,F0049,Pulses,0.6
B1557,F1100,Maize,0.878
B1557,F0980,Pulses,0.718
B1557,F1898,Maize,0.598
B1557,F1240,Maize,0.598
B1557,F1210,Cotton,0.598
B1558,F1279,Cotton,0.599
B1558,F0134,Cotton,0.599
B1558,F1376,Cotton,0.599
B1558,F0894,Cotton,0.598
B1558,F1701,Cotton,0.598
B1559,F1687,Sugarcane,0.746
B1559,F0516,Maize,0.599
B1559,F0270,Maize,0.598
B1559,F0537,Millets,0.597
B1559,F1230,Maize,0.595
B1560,F1169,Maize,0.722
B1560,F1798,Wheat,0.6
B1560,F1099,Pulses,0.6
B1560,F1787,Sugarcane,0.599
B1560,F0750,Wheat,0.599
B1561,F0705,Cotton,0.887
B1561,F0818,Maize,0.87
B1561,F1961,Wheat,0.793
B1561,F1589,Barley,0.6
B1561,F1754,Barley,0.599
B1562,F1422,Rice,0.892
B1562,F1232,Millets,0.865
B1562,F1429,Pulses,0.856
B1562,F1628,Rice,0.599
B1562,F1259,Millets,0.599
B1563,F0115,Barley,0.599
B1563,F1548,Barley,0.599
B1563,F0182,Barley,0.599
B1563,F0526,Barley,0.598
B1563,F0821,Barley,0.597
B1564,F1821,Barley,0.6
B1564,F1275,Barley,0.599
B1564,F1669,Barley,0.599
B1564,F0623,Barley,0.599
B1564,F1094,Barley,0.599
B1565,F0046,Sugarcane,0.82
B1565,F0887,Rice,0.599
B1565,F1964,Wheat,0.598
B1565,F0935,Millets,0.598
B1565,F0474,Sugarcane,0.598
B1566,F0802,Pulses,0.807
B1566,F0565,Sugarcane,0.72
B1566,F0415,Maize,0.597
B1566,F0154,Maize,0.596
B1566,F1978,Maize,0.595
B1567,F0861,Sugarcane,0.599
B1567,F1206,Pulses,0.599
B1567,F1887,Wheat,0.599
B1567,F1836,Wheat,0.599
B1567,F1535,Maize,0.599
B1568,F0500,Sugarcane,0.824
B1568,F0528,Wheat,0.756
B1568,F1573,Pulses,0.599
B1568,F0802,Pulses,0.598
B1568,F1191,Maize,0.598
B1569,F0864,Wheat,0.809
B1569,F0254,Cotton,0.597
B1569,F0881,Cotton,0.594
B1569,F1395,Cotton,0.594
B1569,F1844,Maize,0.592
B1570,F0247,Rice,0.6
B1570,F0785,Wheat,0.599
B1570,F1039,Rice,0.599
B1570,F0127,Wheat,0.598
B1570,F0981,Sugarcane,0.598
B1571,F0870,Pulses,0.962
B1571,F1068,Barley,0.69
B1571,F0887,Rice,0.599
B1571,F0453,Pulses,0.598
B1571,F0803,Rice,0.598
B1572,F0581,Pulses,0.732
B1572,F1869,Cotton,0.6
B1572,F0132,Cotton,0.6
B1572,F1395,Cotton,0.596
B1572,F0254,Cotton,0.596
B1573,F0153,Rice,0.759
B1573,F0880,Cotton,0.599
B1573,F0705,Cotton,0.599
B1573,F1210,Cotton,0.599
B1573,F0752,Cotton,0.599
B1574,F0906,Wheat,0.598
B1574,F1882,Wheat,0.597
B1574,F0373,Wheat,0.597
B1574,F1294,Rice,0.597
B1574,F0421,Wheat,0.596
B1575,F1446,Rice,0.6
B1575,F1295,Sugarcane,0.6
B1575,F1680,Wheat,0.599
B1575,F1433,Pulses,0.599
B1575,F0834,Sugarcane,0.599
B1576,F0469,Cotton,0.598
B1576,F1082,Cotton,0.598
B1576,F1664,Maize,0.598
B1576,F1266,Maize,0.595
B1576,F1580,Maize,0.595
B1577,F0603,Sugarcane,0.88
B1577,F1001,Pulses,0.8
B1577,F1821,Barley,0.696
B1577,F1149,Maize,0.6
B1577,F1774,Sugarcane,0.599
B1578,F1301,Barley,0.599
B1578,F0575,Barley,0.597
B1578,F0146,Barley,0.597
B1578,F0946,Barley,0.595
B1578,F0356,Barley,0.594
B1579,F0391,Maize,0.598
B1579,F0239,Maize,0.598
B1579,F1189,Maize,0.598
B1579,F1534,Cotton,0.596
B1579,F0411,Maize,0.596
B1580,F0685,Rice,0.599
B1580,F0510,Wheat,0.598
B1580,F0026,Pulses,0.598
B1580,F0421,Wheat,0.598
B1580,F0773,Rice,0.598
B1581,F1929,Millets,0.884
B1581,F1627,Rice,0.796
B1581,F1491,Rice,0.599
B1581,F0326,Pulses,0.599
B1581,F1392,Pulses,0.599
B1582,F1965,Cotton,0.839
B1582,F1739,Barley,0.778
B1582,F0951,Maize,0.598
B1582,F0288,Cotton,0.596
B1582,F1638,Cotton,0.596
B1583,F1275,Barley,0.6
B1583,F1821,Barley,0.599
B1583,F0629,Barley,0.598
B1583,F0623,Barley,0.598
B1583,F1058,Barley,0.597
B1584,F1311,Maize,0.856
B1584,F1780,Millets,0.599
B1584,F0933,Rice,0.599
B1584,F0073,Rice,0.599
B1584,F1290,Rice,0.598
B1585,F0736,Maize,0.599
B1585,F1238,Millets,0.599
B1585,F1717,Millets,0.598
B1585,F0492,Cotton,0.597
B1585,F1855,Millets,0.597
B1586,F0353,Rice,0.6
B1586,F1699,Rice,0.6
B1586,F1856,Wheat,0.599
B1586,F0555,Rice,0.598
B1586,F1159,Sugarcane,0.598
B1587,F0918,Sugarcane,0.6
B1587,F0637,Rice,0.599
B1587,F0976,Wheat,0.598
B1587,F0584,Wheat,0.598
B1587,F0847,Wheat,0.598
B1588,F1413,Cotton,0.598
B1588,F0776,Cotton,0.597
B1588,F1544,Cotton,0.595
B1588,F0700,Maize,0.594
B1588,F0647,Cotton,0.593
B1589,F1483,Pulses,0.968
B1589,F0810,Cotton,0.94
B1589,F1130,Wheat,0.822
B1589,F0047,Millets,0.6
B1589,F0414,Rice,0.6
B1590,F1283,Rice,0.832
B1590,F1091,Sugarcane,0.6
B1590,F0774,Sugarcane,0.6
B1590,F0128,Rice,0.6
B1590,F1226,Pulses,0.597
B1591,F1478,Millets,0.6
B1591,F1392,Pulses,0.599
B1591,F1547,Millets,0.598
B1591,F0207,Millets,0.598
B1591,F0747,Maize,0.598
B1592,F0963,Pulses,0.94
B1592,F0446,Maize,0.876
B1592,F1129,Pulses,0.863
B1592,F0693,Cotton,0.6
B1592,F0013,Maize,0.6
B1593,F0960,Barley,0.6
B1593,F0570,Barley,0.598
B1593,F1278,Barley,0.596
B1593,F1801,Barley,0.596
B1593,F1389,Barley,0.593
B1594,F1509,Millets,0.778
B1594,F1532,Wheat,0.6
B1594,F1956,Rice,0.599
B1594,F0988,Sugarcane,0.599
B1594,F1223,Rice,0.599
B1595,F0704,Millets,0.897
B1595,F0687,Pulses,0.599
B1595,F1908,Rice,0.599
B1595,F0034,Wheat,0.599
B1595,F1564,Wheat,0.599
B1596,F1342,Millets,0.599
B1596,F0393,Millets,0.597
B1596,F1592,Maize,0.597
B1596,F1308,Millets,0.597
B1596,F1066,Maize,0.596
B1597,F0132,Cotton,0.757
B1597,F1908,Rice,0.599
B1597,F0941,Sugarcane,0.598
B1597,F0034,Wheat,0.598
B1597,F1650,Wheat,0.598
B1598,F0799,Rice,0.834
B1598,F1645,Rice,0.599
B1598,F0482,Pulses,0.599
B1598,F0552,Sugarcane,0.599
B1598,F1026,Pulses,0.599
B1599,F1032,Millets,0.797
B1599,F1212,Sugarcane,0.599
B1599,F1831,Wheat,0.599
B1599,F0217,Sugarcane,0.599
B1599,F0589,Sugarcane,0.598
B1600,F0934,Rice,0.6
B1600,F0232,Sugarcane,0.599
B1600,F0369,Maize,0.599
B1600,F1355,Wheat,0.599
B1600,F0043,Wheat,0.598
B1601,F1564,Wheat,0.935
B1601,F1017,Wheat,0.599
B1601,F1474,Wheat,0.599
B1601,F1095,Wheat,0.599
B1601,F0342,Sugarcane,0.598
B1602,F1180,Maize,0.914
B1602,F1377,Sugarcane,0.78
B1602,F0509,Millets,0.6
B1602,F0228,Pulses,0.6
B1602,F0401,Millets,0.599
B1603,F0850,Pulses,0.828
B1603,F1171,Millets,0.599
B1603,F0484,Pulses,0.599
B1603,F0585,Pulses,0.598
B1603,F1666,Pulses,0.597
B1604,F0785,Wheat,0.6
B1604,F0127,Wheat,0.6
B1604,F0994,Sugarcane,0.6
B1604,F0695,Wheat,0.6
B1604,F0940,Wheat,0.599
B1605,F0544,Wheat,0.687
B1605,F0001,Barley,0.656
B1605,F0844,Barley,0.645
B1605,F1426,Pulses,0.598
B1605,F0719,Millets,0.597
B1606,F1270,Wheat,0.6
B1606,F0066,Wheat,0.599
B1606,F1153,Sugarcane,0.598
B1606,F1421,Rice,0.598
B1606,F1779,Millets,0.598
B1607,F0393,Millets,0.599
B1607,F0830,Millets,0.599
B1607,F1596,Millets,0.598
B1607,F1191,Maize,0.598
B1607,F1342,Millets,0.598
B1608,F1166,Wheat,0.875
B1608,F1896,Barley,0.728
B1608,F1680,Wheat,0.6
B1608,F1292,Cotton,0.6
B1608,F1090,Wheat,0.6
B1609,F1492,Barley,0.889
B1609,F1172,Maize,0.599
B1609,F1771,Maize,0.598
B1609,F0061,Maize,0.598
B1609,F0765,Cotton,0.598
B1610,F0295,Wheat,0.6
B1610,F0034,Wheat,0.599
B1610,F1393,Millets,0.599
B1610,F1627,Rice,0.598
B1610,F0174,Sugarcane,0.598
B1611,F1275,Barley,0.692
B1611,F1230,Maize,0.599
B1611,F0537,Millets,0.598
B1611,F0618,Millets,0.597
B1611,F1752,Millets,0.597
B1612,F0450,Pulses,0.599
B1612,F1483,Pulses,0.599
B1612,F0283,Pulses,0.598
B1612,F0807,Millets,0.598
B1612,F1105,Pulses,0.598
B1613,F0271,Pulses,0.786
B1613,F1966,Rice,0.6
B1613,F1970,Rice,0.6
B1613,F1488,Rice,0.599
B1613,F1800,Rice,0.599
B1614,F1350,Cotton,0.6
B1614,F0709,Millets,0.599
B1614,F1618,Rice,0.599
B1614,F1483,Pulses,0.599
B1614,F0429,Rice,0.598
B1615,F0630,Barley,0.598
B1615,F1813,Barley,0.596
B1615,F0157,Barley,0.595
B1615,F0063,Cotton,0.593
B1615,F0619,Barley,0.59
B1616,F0077,Sugarcane,0.921
B1616,F0358,Millets,0.6
B1616,F1604,Rice,0.6
B1616,F0750,Wheat,0.599
B1616,F1787,Sugarcane,0.599
B1617,F0049,Pulses,0.862
B1617,F1064,Cotton,0.599
B1617,F1600,Cotton,0.599
B1617,F1205,Cotton,0.598
B1617,F0831,Cotton,0.597
B1618,F1133,Pulses,0.892
B1618,F0059,Maize,0.772
B1618,F1585,Pulses,0.707
B1618,F0696,Sugarcane,0.6
B1618,F0372,Millets,0.599
B1619,F0128,Rice,0.6
B1619,F0774,Sugarcane,0.6
B1619,F1498,Millets,0.599
B1619,F1091,Sugarcane,0.599
B1619,F0422,Wheat,0.599
B1620,F0119,Millets,0.598
B1620,F1828,Millets,0.597
B1620,F1190,Millets,0.597
B1620,F1350,Cotton,0.596
B1620,F1937,Maize,0.596
B1621,F0839,Sugarcane,0.6
B1621,F1103,Sugarcane,0.599
B1621,F1357,Sugarcane,0.599
B1621,F1416,Sugarcane,0.599
B1621,F1410,Wheat,0.599
B1622,F0629,Barley,0.818
B1622,F0846,Cotton,0.66
B1622,F0414,Rice,0.599
B1622,F0047,Millets,0.598
B1622,F0820,Rice,0.598
B1623,F1983,Sugarcane,0.82
B1623,F1282,Barley,0.77
B1623,F0027,Pulses,0.6
B1623,F1198,Maize,0.599
B1623,F0969,Pulses,0.599
B1624,F0352,Rice,0.915
B1624,F0985,Millets,0.911
B1624,F1572,Millets,0.866
B1624,F1488,Rice,0.599
B1624,F1800,Rice,0.599
B1625,F0689,Barley,0.598
B1625,F1144,Barley,0.598
B1625,F1764,Barley,0.596
B1625,F1261,Barley,0.595
B1625,F0312,Barley,0.595
B1626,F0864,Wheat,0.857
B1626,F1362,Pulses,0.6
B1626,F0358,Millets,0.599
B1626,F1466,Pulses,0.599
B1626,F0283,Pulses,0.599
B1627,F0994,Sugarcane,0.844
B1627,F1964,Wheat,0.815
B1627,F0467,Millets,0.599
B1627,F1406,Millets,0.598
B1627,F0717,Maize,0.598
B1628,F0565,Sugarcane,0.706
B1628,F1649,Rice,0.6
B1628,F0730,Sugarcane,0.599
B1628,F1141,Pulses,0.599
B1628,F1293,Sugarcane,0.599
B1629,F0660,Wheat,0.796
B1629,F0319,Barley,0.794
B1629,F0893,Rice,0.793
B1629,F1794,Barley,0.631
B1629,F0868,Pulses,0.6
B1630,F0475,Maize,0.6
B1630,F1651,Maize,0.6
B1630,F1496,Cotton,0.6
B1630,F1501,Maize,0.6
B1630,F1273,Maize,0.599
B1631,F0157,Barley,0.6
B1631,F0012,Barley,0.598
B1631,F0619,Barley,0.594
B1631,F1775,Barley,0.594
B1631,F0242,Barley,0.593
B1632,F1362,Pulses,0.599
B1632,F0358,Millets,0.599
B1632,F1604,Rice,0.599
B1632,F0283,Pulses,0.598
B1632,F0750,Wheat,0.598
B1633,F1047,Maize,0.653
B1633,F0630,Barley,0.6
B1633,F1813,Barley,0.598
B1633,F0909,Barley,0.594
B1633,F1343,Barley,0.593
B1634,F0969,Pulses,0.598
B1634,F0148,Maize,0.598
B1634,F0374,Millets,0.598
B1634,F0215,Maize,0.598
B1634,F1273,Maize,0.598
B1635,F1729,Wheat,0.6
B1635,F0232,Sugarcane,0.599
B1635,F0917,Wheat,0.599
B1635,F1355,Wheat,0.599
B1635,F0769,Sugarcane,0.599
B1636,F0078,Sugarcane,0.599
B1636,F1557,Wheat,0.599
B1636,F0677,Sugarcane,0.598
B1636,F0010,Wheat,0.598
B1636,F1280,Sugarcane,0.598
B1637,F0322,Cotton,0.599
B1637,F0036,Cotton,0.598
B1637,F1527,Barley,0.593
B1637,F0563,Barley,0.591
B1637,F0524,Barley,0.591
B1638,F1463,Cotton,0.667
B1638,F0503,Cotton,0.597
B1638,F1461,Cotton,0.597
B1638,F0953,Cotton,0.597
B1638,F1376,Cotton,0.596
B1639,F1947,Rice,0.6
B1639,F0634,Rice,0.599
B1639,F0802,Pulses,0.599
B1639,F1045,Pulses,0.599
B1639,F0396,Sugarcane,0.598
B1640,F1106,Sugarcane,0.817
B1640,F1546,Sugarcane,0.599
B1640,F1294,Rice,0.598
B1640,F0498,Sugarcane,0.598
B1640,F0028,Wheat,0.598
B1641,F1954,Sugarcane,0.831
B1641,F0265,Maize,0.598
B1641,F1816,Maize,0.598
B1641,F1240,Maize,0.598
B1641,F0345,Maize,0.598
B1642,F1589,Barley,0.6
B1642,F1754,Barley,0.599
B1642,F0112,Barley,0.599
B1642,F0711,Barley,0.598
B1642,F0388,Barley,0.598
B1643,F1716,Millets,0.6
B1643,F0658,Maize,0.599
B1643,F0649,Millets,0.599
B1643,F0144,Millets,0.599
B1643,F1795,Millets,0.599
B1644,F1726,Pulses,0.837
B1644,F1599,Millets,0.811
B1644,F0318,Rice,0.6
B1644,F0246,Pulses,0.599
B1644,F0414,Rice,0.599
B1645,F0541,Barley,0.6
B1645,F0366,Barley,0.599
B1645,F0319,Barley,0.598
B1645,F0899,Barley,0.598
B1645,F1418,Barley,0.597
B1646,F1068,Barley,0.651
B1646,F1359,Sugarcane,0.6
B1646,F1109,Pulses,0.599
B1646,F0080,Sugarcane,0.599
B1646,F0406,Sugarcane,0.599
B1647,F0877,Wheat,0.748
B1647,F0735,Wheat,0.6
B1647,F0986,Wheat,0.6
B1647,F1436,Wheat,0.599
B1647,F1554,Sugarcane,0.599
B1648,F1688,Rice,0.6
B1648,F1072,Wheat,0.599
B1648,F0839,Sugarcane,0.599
B1648,F1061,Rice,0.599
B1648,F1382,Sugarcane,0.598
B1649,F1097,Wheat,0.789
B1649,F1953,Maize,0.6
B1649,F0658,Maize,0.599
B1649,F0649,Millets,0.599
B1649,F0728,Maize,0.598
B1650,F1321,Millets,0.877
B1650,F0088,Rice,0.599
B1650,F0737,Sugarcane,0.599
B1650,F1433,Pulses,0.599
B1650,F0761,Sugarcane,0.598
B1651,F1413,Cotton,0.598
B1651,F1544,Cotton,0.598
B1651,F0739,Cotton,0.596
B1651,F0700,Maize,0.596
B1651,F1173,Maize,0.595
B1652,F0352,Rice,0.599
B1652,F0179,Rice,0.599
B1652,F0848,Wheat,0.599
B1652,F1022,Rice,0.599
B1652,F1727,Sugarcane,0.599
B1653,F0914,Wheat,0.894
B1653,F1566,Maize,0.809
B1653,F0031,Cotton,0.74
B1653,F0235,Sugarcane,0.598
B1653,F1809,Sugarcane,0.598
B1654,F1366,Pulses,0.974
B1654,F1632,Maize,0.781
B1654,F1931,Millets,0.6
B1654,F1936,Millets,0.598
B1654,F0176,Pulses,0.598
B1655,F0631,Rice,0.873
B1655,F1308,Millets,0.598
B1655,F1342,Millets,0.598
B1655,F1191,Maize,0.598
B1655,F1066,Maize,0.597
B1656,F1123,Maize,0.743
B1656,F0005,Maize,0.599
B1656,F1550,Millets,0.596
B1656,F1395,Cotton,0.595
B1656,F0702,Millets,0.594
B1657,F1005,Rice,0.74
B1657,F0541,Barley,0.599
B1657,F0319,Barley,0.597
B1657,F0366,Barley,0.597
B1657,F1418,Barley,0.597
B1658,F1295,Sugarcane,0.6
B1658,F1680,Wheat,0.6
B1658,F1446,Rice,0.6
B1658,F1292,Cotton,0.599
B1658,F1090,Wheat,0.598
B1659,F1665,Maize,0.597
B1659,F0719,Millets,0.597
B1659,F1844,Maize,0.592
B1659,F0005,Maize,0.591
B1659,F0180,Maize,0.591
B1660,F0395,Maize,0.599
B1660,F1266,Maize,0.598
B1660,F1064,Cotton,0.598
B1660,F1428,Maize,0.598
B1660,F1471,Cotton,0.598
B1661,F0581,Pulses,0.892
B1661,F0399,Millets,0.833
B1661,F0249,Rice,0.767
B1661,F1180,Maize,0.599
B1661,F1308,Millets,0.598
B1662,F0199,Cotton,0.69
B1662,F0855,Barley,0.6
B1662,F0651,Barley,0.599
B1662,F1759,Barley,0.599
B1662,F1589,Barley,0.599
B1663,F0677,Sugarcane,0.873
B1663,F1860,Rice,0.6
B1663,F0478,Millets,0.6
B1663,F1830,Rice,0.6
B1663,F1050,Rice,0.6
B1664,F0122,Cotton,0.858
B1664,F1258,Maize,0.854
B1664,F0854,Maize,0.599
B1664,F1526,Maize,0.599
B1664,F0219,Millets,0.599
B1665,F1052,Rice,0.77
B1665,F1730,Pulses,0.6
B1665,F1126,Millets,0.599
B1665,F0888,Pulses,0.598
B1665,F1435,Sugarcane,0.597
B1666,F1504,Maize,0.599
B1666,F0905,Maize,0.598
B1666,F1707,Maize,0.597
B1666,F1464,Maize,0.596
B1666,F1513,Cotton,0.596
B1667,F0144,Millets,0.942
B1667,F1535,Maize,0.925
B1667,F0044,Millets,0.599
B1667,F1059,Pulses,0.598
B1667,F0664,Pulses,0.598
B1668,F1478,Millets,0.874
B1668,F1111,Rice,0.774
B1668,F1531,Pulses,0.753
B1668,F1642,Rice,0.6
B1668,F1712,Rice,0.599
B1669,F1456,Cotton,0.862
B1669,F1611,Cotton,0.831
B1669,F0012,Barley,0.6
B1669,F1775,Barley,0.599
B1669,F0619,Barley,0.598
B1670,F1819,Wheat,0.6
B1670,F1735,Rice,0.599
B1670,F1591,Sugarcane,0.599
B1670,F1920,Rice,0.599
B1670,F1539,Pulses,0.598
B1671,F1271,Wheat,0.853
B1671,F0925,Rice,0.788
B1671,F1725,Wheat,0.599
B1671,F0226,Wheat,0.599
B1671,F1925,Wheat,0.598
B1672,F1375,Maize,0.785
B1672,F0833,Maize,0.599
B1672,F0118,Pulses,0.599
B1672,F0457,Pulses,0.599
B1672,F0890,Rice,0.598
B1673,F1017,Wheat,0.715
B1673,F0838,Cotton,0.706
B1673,F0288,Cotton,0.599
B1673,F0495,Cotton,0.598
B1673,F1524,Cotton,0.596
B1674,F1469,Sugarcane,0.65
B1674,F0460,Maize,0.599
B1674,F0508,Maize,0.599
B1674,F1375,Maize,0.598
B1674,F0661,Millets,0.597
B1675,F1202,Wheat,0.753
B1675,F0868,Pulses,0.596
B1675,F0415,Maize,0.595
B1675,F1978,Maize,0.594
B1675,F0154,Maize,0.594
B1676,F0992,Sugarcane,0.859
B1676,F1392,Pulses,0.599
B1676,F0109,Pulses,0.599
B1676,F1491,Rice,0.599
B1676,F1967,Rice,0.598
B1677,F0429,Rice,0.868
B1677,F0722,Maize,0.663
B1677,F0276,Sugarcane,0.599
B1677,F0583,Sugarcane,0.599
B1677,F0724,Rice,0.598
B1678,F1466,Pulses,0.6
B1678,F1362,Pulses,0.599
B1678,F0995,Sugarcane,0.599
B1678,F1385,Rice,0.599
B1678,F0002,Sugarcane,0.599
B1679,F0036,Cotton,0.597
B1679,F0322,Cotton,0.596
B1679,F1965,Cotton,0.596
B1679,F1973,Maize,0.594
B1679,F1654,Barley,0.59
B1680,F0370,Barley,0.726
B1680,F0450,Pulses,0.6
B1680,F1422,Rice,0.6
B1680,F1604,Rice,0.599
B1680,F1618,Rice,0.599
B1681,F0933,Rice,0.887
B1681,F1266,Maize,0.6
B1681,F1445,Maize,0.599
B1681,F0945,Cotton,0.599
B1681,F1566,Maize,0.598
B1682,F1168,Pulses,0.883
B1682,F1824,Sugarcane,0.599
B1682,F0361,Sugarcane,0.599
B1682,F0430,Sugarcane,0.598
B1682,F1159,Sugarcane,0.598
B1683,F1069,Cotton,0.871
B1683,F1523,Rice,0.801
B1683,F1477,Barley,0.597
B1683,F0790,Barley,0.596
B1683,F1360,Barley,0.596
B1684,F0469,Cotton,0.595
B1684,F1064,Cotton,0.595
B1684,F0767,Cotton,0.595
B1684,F1082,Cotton,0.595
B1684,F1620,Cotton,0.595
B1685,F0887,Rice,0.599
B1685,F1964,Wheat,0.598
B1685,F1316,Sugarcane,0.598
B1685,F0602,Millets,0.598
B1685,F1954,Sugarcane,0.597
B1686,F0775,Wheat,0.864
B1686,F1917,Sugarcane,0.6
B1686,F1963,Wheat,0.598
B1686,F0954,Sugarcane,0.598
B1686,F0813,Rice,0.598
B1687,F0036,Cotton,0.598
B1687,F0322,Cotton,0.598
B1687,F0485,Cotton,0.594
B1687,F1654,Barley,0.592
B1687,F0563,Barley,0.592
B1688,F0872,Millets,0.886
B1688,F0207,Millets,0.886
B1688,F1993,Maize,0.843
B1688,F0905,Maize,0.801
B1688,F0450,Pulses,0.599
B1689,F0506,Rice,0.787
B1689,F0750,Wheat,0.599
B1689,F1099,Pulses,0.599
B1689,F1787,Sugarcane,0.599
B1689,F1860,Rice,0.599
B1690,F1644,Wheat,0.71
B1690,F1525,Cotton,0.599
B1690,F0656,Cotton,0.598
B1690,F1018,Maize,0.596
B1690,F0911,Maize,0.596
B1691,F0101,Barley,0.655
B1691,F0485,Cotton,0.599
B1691,F0036,Cotton,0.591
B1691,F0322,Cotton,0.591
B1691,F1665,Maize,0.59
B1692,F0239,Maize,0.821
B1692,F1580,Maize,0.6
B1692,F0857,Maize,0.599
B1692,F1266,Maize,0.599
B1692,F1902,Cotton,0.599
B1693,F1417,Rice,0.662
B1693,F0716,Millets,0.6
B1693,F0509,Millets,0.599
B1693,F1047,Maize,0.599
B1693,F0199,Cotton,0.598
B1694,F1364,Pulses,0.857
B1694,F1802,Cotton,0.838
B1694,F1719,Wheat,0.798
B1694,F1259,Millets,0.6
B1694,F0438,Millets,0.598
B1695,F1597,Sugarcane,0.638
B1695,F0706,Cotton,0.597
B1695,F0951,Maize,0.597
B1695,F0469,Cotton,0.597
B1695,F0288,Cotton,0.597
B1696,F1634,Barley,0.826
B1696,F1796,Wheat,0.753
B1696,F1955,Maize,0.6
B1696,F1229,Pulses,0.599
B1696,F1718,Maize,0.599
B1697,F0760,Barley,0.777
B1697,F0017,Sugarcane,0.599
B1697,F0915,Sugarcane,0.599
B1697,F1967,Rice,0.598
B1697,F0109,Pulses,0.598
B1698,F1656,Maize,0.6
B1698,F1989,Maize,0.599
B1698,F1311,Maize,0.599
B1698,F0286,Maize,0.597
B1698,F1509,Millets,0.597
B1699,F0535,Maize,0.842
B1699,F1620,Cotton,0.745
B1699,F1389,Barley,0.599
B1699,F0201,Barley,0.598
B1699,F0960,Barley,0.598
B1700,F1357,Sugarcane,0.714
B1700,F0477,Rice,0.597
B1700,F1450,Sugarcane,0.597
B1700,F1925,Wheat,0.595
B1700,F0090,Wheat,0.594
B1701,F0710,Millets,0.875
B1701,F1773,Rice,0.6
B1701,F1575,Millets,0.599
B1701,F0672,Pulses,0.599
B1701,F1026,Pulses,0.598
B1702,F1156,Rice,0.733
B1702,F1524,Cotton,0.598
B1702,F1965,Cotton,0.595
B1702,F0288,Cotton,0.595
B1702,F0706,Cotton,0.594
B1703,F1548,Barley,0.635
B1703,F0456,Maize,0.598
B1703,F1274,Maize,0.597
B1703,F1789,Cotton,0.597
B1703,F1894,Maize,0.596
B1704,F0970,Maize,0.599
B1704,F1782,Millets,0.599
B1704,F1429,Pulses,0.598
B1704,F0618,Millets,0.598
B1704,F1931,Millets,0.598
B1705,F0868,Pulses,0.597
B1705,F0154,Maize,0.595
B1705,F0415,Maize,0.594
B1705,F0977,Millets,0.593
B1705,F0990,Millets,0.588
B1706,F1245,Barley,0.598
B1706,F1251,Barley,0.596
B1706,F0909,Barley,0.594
B1706,F1343,Barley,0.592
B1706,F1654,Barley,0.591
B1707,F1587,Rice,0.599
B1707,F1998,Rice,0.599
B1707,F0435,Sugarcane,0.599
B1707,F1315,Pulses,0.598
B1707,F1595,Sugarcane,0.598
B1708,F1483,Pulses,0.8
B1708,F1710,Pulses,0.795
B1708,F1877,Cotton,0.754
B1708,F0790,Barley,0.599
B1708,F1477,Barley,0.598
B1709,F2000,Rice,0.599
B1709,F0555,Rice,0.599
B1709,F1159,Sugarcane,0.598
B1709,F1824,Sugarcane,0.598
B1709,F0684,Sugarcane,0.598
B1710,F1213,Wheat,0.83
B1710,F1279,Cotton,0.671
B1710,F1223,Rice,0.6
B1710,F1956,Rice,0.6
B1710,F0156,Wheat,0.6
B1711,F0994,Sugarcane,0.699
B1711,F1372,Maize,0.599
B1711,F0652,Millets,0.599
B1711,F0386,Millets,0.599
B1711,F0734,Millets,0.599
B1712,F0005,Maize,0.597
B1712,F1550,Millets,0.597
B1712,F0532,Millets,0.595
B1712,F0180,Maize,0.595
B1712,F1395,Cotton,0.594
B1713,F0396,Sugarcane,0.599
B1713,F0127,Wheat,0.599
B1713,F0534,Rice,0.599
B1713,F0940,Wheat,0.599
B1713,F0785,Wheat,0.599
B1714,F1823,Sugarcane,0.6
B1714,F1668,Rice,0.6
B1714,F0875,Wheat,0.599
B1714,F1590,Millets,0.599
B1714,F1459,Pulses,0.599
B1715,F1059,Pulses,0.599
B1715,F0041,Maize,0.598
B1715,F1247,Pulses,0.598
B1715,F0664,Pulses,0.598
B1715,F0019,Millets,0.598
B1716,F1476,Millets,0.773
B1716,F1715,Pulses,0.599
B1716,F0610,Millets,0.599
B1716,F0649,Millets,0.599
B1716,F1334,Millets,0.599
B1717,F0483,Cotton,0.8
B1717,F1241,Cotton,0.631
B1717,F0268,Millets,0.6
B1717,F0434,Millets,0.599
B1717,F0121,Millets,0.598
B1718,F1565,Maize,0.891
B1718,F1759,Barley,0.764
B1718,F1782,Millets,0.599
B1718,F1623,Pulses,0.598
B1718,F0618,Millets,0.598
B1719,F1045,Pulses,0.915
B1719,F0814,Sugarcane,0.781
B1719,F1566,Maize,0.757
B1719,F0551,Rice,0.599
B1719,F1393,Millets,0.597
B1720,F1973,Maize,0.597
B1720,F0990,Millets,0.597
B1720,F1665,Maize,0.596
B1720,F0415,Maize,0.595
B1720,F0719,Millets,0.594
B1721,F1453,Millets,0.661
B1721,F0242,Barley,0.599
B1721,F0538,Barley,0.596
B1721,F0711,Barley,0.595
B1721,F0112,Barley,0.595
B1722,F1422,Rice,0.6
B1722,F1050,Rice,0.599
B1722,F1830,Rice,0.599
B1722,F0645,Millets,0.599
B1722,F1604,Rice,0.598
B1723,F0760,Barley,0.795
B1723,F0936,Rice,0.6
B1723,F1442,Wheat,0.599
B1723,F0357,Wheat,0.599
B1723,F0293,Rice,0.599
B1724,F0157,Barley,0.6
B1724,F0012,Barley,0.597
B1724,F0242,Barley,0.596
B1724,F1775,Barley,0.593
B1724,F1030,Cotton,0.592
B1725,F1741,Millets,0.937
B1725,F0515,Wheat,0.68
B1725,F0119,Millets,0.6
B1725,F1321,Millets,0.599
B1725,F0240,Millets,0.599
B1726,F0579,Wheat,0.864
B1726,F0786,Rice,0.79
B1726,F0380,Rice,0.71
B1726,F1666,Pulses,0.6
B1726,F0872,Millets,0.6
B1727,F1604,Rice,0.6
B1727,F1422,Rice,0.6
B1727,F0450,Pulses,0.599
B1727,F0358,Millets,0.599
B1727,F0750,Wheat,0.599
B1728,F0910,Pulses,0.625
B1728,F1030,Cotton,0.599
B1728,F1610,Maize,0.599
B1728,F0270,Maize,0.597
B1728,F0063,Cotton,0.597
B1729,F0308,Wheat,0.931
B1729,F0270,Maize,0.599
B1729,F1760,Maize,0.598
B1729,F1440,Maize,0.597
B1729,F0652,Millets,0.597
B1730,F1508,Wheat,0.6
B1730,F1494,Wheat,0.6
B1730,F0603,Sugarcane,0.6
B1730,F0363,Rice,0.599
B1730,F1605,Sugarcane,0.599
B1731,F0335,Pulses,0.803
B1731,F1502,Pulses,0.6
B1731,F0451,Pulses,0.6
B1731,F1873,Maize,0.599
B1731,F0271,Pulses,0.599
B1732,F0916,Pulses,0.6
B1732,F0823,Pulses,0.599
B1732,F1141,Pulses,0.599
B1732,F0817,Rice,0.599
B1732,F0404,Rice,0.599
B1733,F1236,Sugarcane,0.6
B1733,F1164,Pulses,0.6
B1733,F0246,Pulses,0.599
B1733,F0826,Sugarcane,0.598
B1733,F0519,Millets,0.598
B1734,F1751,Sugarcane,0.701
B1734,F0150,Millets,0.6
B1734,F1010,Millets,0.599
B1734,F0704,Millets,0.598
B1734,F1707,Maize,0.597
B1735,F0317,Maize,0.654
B1735,F1335,Sugarcane,0.599
B1735,F0742,Pulses,0.599
B1735,F0224,Sugarcane,0.599
B1735,F1051,Wheat,0.599
B1736,F1062,Cotton,0.6
B1736,F1070,Cotton,0.6
B1736,F0553,Cotton,0.599
B1736,F1205,Cotton,0.598
B1736,F0539,Cotton,0.598
B1737,F1551,Cotton,0.692
B1737,F0588,Maize,0.6
B1737,F1067,Cotton,0.599
B1737,F0411,Maize,0.599
B1737,F0881,Cotton,0.598
B1738,F1709,Millets,0.6
B1738,F0336,Millets,0.599
B1738,F0756,Pulses,0.599
B1738,F1122,Maize,0.597
B1738,F0800,Maize,0.595
B1739,F0976,Wheat,0.599
B1739,F1051,Wheat,0.599
B1739,F0224,Sugarcane,0.599
B1739,F1335,Sugarcane,0.598
B1739,F0918,Sugarcane,0.598
B1740,F1550,Millets,0.872
B1740,F1601,Millets,0.799
B1740,F0511,Rice,0.65
B1740,F0703,Rice,0.596
B1740,F0499,Rice,0.594
B1741,F1285,Barley,0.763
B1741,F1283,Rice,0.6
B1741,F0958,Rice,0.599
B1741,F0149,Rice,0.599
B1741,F1774,Sugarcane,0.599
B1742,F1103,Sugarcane,0.599
B1742,F1994,Rice,0.599
B1742,F0267,Sugarcane,0.598
B1742,F0839,Sugarcane,0.598
B1742,F1357,Sugarcane,0.598
B1743,F0426,Cotton,0.982
B1743,F1940,Barley,0.824
B1743,F0607,Barley,0.6
B1743,F1115,Barley,0.599
B1743,F1733,Barley,0.599
B1744,F0625,Cotton,0.975
B1744,F0654,Cotton,0.599
B1744,F0003,Cotton,0.599
B1744,F0471,Cotton,0.599
B1744,F0230,Cotton,0.598
B1745,F1213,Wheat,0.798
B1745,F1736,Millets,0.757
B1745,F1659,Rice,0.597
B1745,F1450,Sugarcane,0.597
B1745,F1140,Rice,0.596
B1746,F0578,Pulses,0.599
B1746,F0354,Millets,0.599
B1746,F1060,Sugarcane,0.599
B1746,F1042,Wheat,0.598
B1746,F0877,Wheat,0.598
B1747,F1614,Rice,0.794
B1747,F0003,Cotton,0.6
B1747,F0471,Cotton,0.6
B1747,F0230,Cotton,0.599
B1747,F1890,Cotton,0.598
B1748,F1512,Barley,0.838
B1748,F1350,Cotton,0.599
B1748,F0709,Millets,0.598
B1748,F0429,Rice,0.597
B1748,F1055,Rice,0.597
B1749,F0595,Sugarcane,0.6
B1749,F1411,Sugarcane,0.599
B1749,F0720,Sugarcane,0.599
B1749,F0056,Sugarcane,0.599
B1749,F1050,Rice,0.599
B1750,F0754,Wheat,0.743
B1750,F1122,Maize,0.599
B1750,F0532,Millets,0.598
B1750,F1709,Millets,0.597
B1750,F0336,Millets,0.596
B1751,F0037,Sugarcane,0.779
B1751,F0888,Pulses,0.6
B1751,F0109,Pulses,0.599
B1751,F1967,Rice,0.599
B1751,F1491,Rice,0.598
B1752,F1551,Cotton,0.917
B1752,F1554,Sugarcane,0.72
B1752,F1500,Barley,0.6
B1752,F0191,Barley,0.6
B1752,F0314,Barley,0.6
B1753,F0836,Sugarcane,0.778
B1753,F1931,Millets,0.6
B1753,F0412,Millets,0.599
B1753,F1752,Millets,0.596
B1753,F1638,Cotton,0.596
B1754,F0987,Sugarcane,0.89
B1754,F0361,Sugarcane,0.599
B1754,F0986,Wheat,0.599
B1754,F0530,Wheat,0.599
B1754,F0735,Wheat,0.598
B1755,F1586,Wheat,0.6
B1755,F1157,Wheat,0.6
B1755,F0521,Millets,0.6
B1755,F1024,Wheat,0.599
B1755,F0320,Pulses,0.599
B1756,F0688,Cotton,0.694
B1756,F0777,Rice,0.6
B1756,F0236,Sugarcane,0.599
B1756,F0422,Wheat,0.598
B1756,F1498,Millets,0.598
B1757,F1215,Wheat,0.891
B1757,F1210,Cotton,0.599
B1757,F0880,Cotton,0.599
B1757,F0705,Cotton,0.599
B1757,F0752,Cotton,0.598
B1758,F0396,Sugarcane,0.6
B1758,F0634,Rice,0.599
B1758,F0278,Pulses,0.598
B1758,F0107,Pulses,0.598
B1758,F0534,Rice,0.598
B1759,F0446,Maize,0.685
B1759,F0570,Barley,0.6
B1759,F0960,Barley,0.6
B1759,F1278,Barley,0.598
B1759,F1801,Barley,0.598
B1760,F0394,Millets,0.599
B1760,F0620,Maize,0.598
B1760,F0184,Maize,0.597
B1760,F0681,Millets,0.597
B1760,F1633,Millets,0.597
B1761,F1861,Pulses,0.599
B1761,F0926,Maize,0.599
B1761,F0166,Rice,0.599
B1761,F1842,Pulses,0.599
B1761,F1588,Rice,0.599
B1762,F1539,Pulses,0.599
B1762,F0137,Rice,0.598
B1762,F1380,Wheat,0.597
B1762,F0843,Rice,0.597
B1762,F1154,Wheat,0.597
B1763,F1489,Rice,0.819
B1763,F1817,Wheat,0.599
B1763,F1436,Wheat,0.598
B1763,F0142,Rice,0.597
B1763,F1850,Wheat,0.597
B1764,F1218,Wheat,0.684
B1764,F0403,Maize,0.599
B1764,F0780,Maize,0.598
B1764,F0502,Cotton,0.598
B1764,F0173,Maize,0.598
B1765,F0929,Pulses,0.6
B1765,F0323,Sugarcane,0.599
B1765,F1484,Rice,0.599
B1765,F0116,Sugarcane,0.599
B1765,F0804,Rice,0.598
B1766,F1589,Barley,0.6
B1766,F1754,Barley,0.599
B1766,F0112,Barley,0.598
B1766,F0855,Barley,0.598
B1766,F0711,Barley,0.598
B1767,F0470,Sugarcane,0.857
B1767,F1059,Pulses,0.838
B1767,F0639,Wheat,0.777
B1767,F0302,Rice,0.6
B1767,F0033,Sugarcane,0.6
B1768,F0109,Pulses,0.803
B1768,F0401,Millets,0.759
B1768,F1473,Rice,0.75
B1768,F1467,Wheat,0.6
B1768,F0762,Wheat,0.599
B1769,F0412,Millets,0.598
B1769,F1931,Millets,0.595
B1769,F1978,Maize,0.594
B1769,F0200,Maize,0.594
B1769,F0807,Millets,0.593
B1770,F0899,Barley,0.673
B1770,F1811,Wheat,0.6
B1770,F1840,Rice,0.599
B1770,F1039,Rice,0.599
B1770,F0994,Sugarcane,0.599
B1771,F1533,Wheat,0.784
B1771,F0372,Millets,0.782
B1771,F0627,Cotton,0.771
B1771,F1451,Millets,0.6
B1771,F1344,Rice,0.599
B1772,F0630,Barley,0.597
B1772,F0157,Barley,0.593
B1772,F1030,Cotton,0.59
B1772,F0063,Cotton,0.59
B1772,F1813,Barley,0.589
B1773,F1680,Wheat,0.837
B1773,F0920,Millets,0.818
B1773,F0418,Wheat,0.599
B1773,F0353,Rice,0.598
B1773,F1644,Wheat,0.598
B1774,F0832,Cotton,0.923
B1774,F0793,Cotton,0.6
B1774,F1621,Cotton,0.599
B1774,F1765,Cotton,0.599
B1774,F0136,Cotton,0.598
B1775,F1022,Rice,0.812
B1775,F0002,Sugarcane,0.598
B1775,F1943,Pulses,0.598
B1775,F0235,Sugarcane,0.597
B1775,F0995,Sugarcane,0.597
B1776,F1560,Maize,0.831
B1776,F1600,Cotton,0.598
B1776,F1064,Cotton,0.598
B1776,F0831,Cotton,0.598
B1776,F1205,Cotton,0.598
B1777,F1917,Sugarcane,0.662
B1777,F1311,Maize,0.599
B1777,F1814,Cotton,0.599
B1777,F1656,Maize,0.598
B1777,F1118,Cotton,0.598
B1778,F1198,Maize,0.599
B1778,F0091,Millets,0.599
B1778,F0434,Millets,0.598
B1778,F1509,Millets,0.597
B1778,F0190,Pulses,0.597
B1779,F0905,Maize,0.595
B1779,F1346,Maize,0.595
B1779,F0647,Cotton,0.595
B1779,F0700,Maize,0.595
B1779,F1707,Maize,0.594
B1780,F0254,Cotton,0.595
B1780,F1395,Cotton,0.595
B1780,F1330,Cotton,0.593
B1780,F0881,Cotton,0.592
B1780,F1844,Maize,0.591
B1781,F1675,Rice,0.599
B1781,F0389,Rice,0.599
B1781,F0519,Millets,0.599
B1781,F1761,Millets,0.599
B1781,F1164,Pulses,0.598
B1782,F1335,Sugarcane,0.889
B1782,F0030,Sugarcane,0.725
B1782,F1458,Sugarcane,0.6
B1782,F1250,Sugarcane,0.6
B1782,F0668,Sugarcane,0.6
B1783,F1198,Maize,0.598
B1783,F0190,Pulses,0.598
B1783,F1955,Maize,0.598
B1783,F0027,Pulses,0.598
B1783,F1229,Pulses,0.598
B1784,F0245,Barley,0.697
B1784,F0496,Barley,0.6
B1784,F0787,Barley,0.599
B1784,F0629,Barley,0.599
B1784,F1058,Barley,0.598
B1785,F1855,Millets,0.913
B1785,F1663,Sugarcane,0.6
B1785,F0478,Millets,0.6
B1785,F0339,Sugarcane,0.599
B1785,F1830,Rice,0.599
B1786,F0619,Barley,0.599
B1786,F1685,Barley,0.599
B1786,F0012,Barley,0.599
B1786,F1114,Barley,0.598
B1786,F1775,Barley,0.598
B1787,F1290,Rice,0.599
B1787,F1385,Rice,0.597
B1787,F0995,Sugarcane,0.597
B1787,F1466,Pulses,0.597
B1787,F1362,Pulses,0.596
B1788,F1496,Cotton,0.916
B1788,F0790,Barley,0.85
B1788,F0012,Barley,0.785
B1788,F0389,Rice,0.6
B1788,F0038,Rice,0.599
B1789,F0063,Cotton,0.598
B1789,F0288,Cotton,0.596
B1789,F1813,Barley,0.596
B1789,F0495,Cotton,0.594
B1789,F0951,Maize,0.593
B1790,F0982,Millets,0.621
B1790,F1672,Cotton,0.6
B1790,F1965,Cotton,0.598
B1790,F0154,Maize,0.596
B1790,F0535,Maize,0.595
B1791,F0631,Rice,0.6
B1791,F1309,Rice,0.599
B1791,F1455,Rice,0.598
B1791,F1604,Rice,0.598
B1791,F0283,Pulses,0.598
B1792,F0008,Cotton,0.764
B1792,F0457,Pulses,0.599
B1792,F0118,Pulses,0.599
B1792,F0833,Maize,0.599
B1792,F0820,Rice,0.598
B1793,F0308,Wheat,0.781
B1793,F1301,Barley,0.598
B1793,F0575,Barley,0.597
B1793,F0356,Barley,0.596
B1793,F0146,Barley,0.596
B1794,F0405,Millets,0.598
B1794,F1863,Maize,0.598
B1794,F1367,Maize,0.597
B1794,F0559,Millets,0.594
B1794,F1995,Cotton,0.593
B1795,F1038,Barley,0.6
B1795,F0586,Barley,0.599
B1795,F1092,Barley,0.598
B1795,F1427,Barley,0.595
B1795,F1889,Barley,0.59
B1796,F0177,Maize,0.777
B1796,F0318,Rice,0.6
B1796,F0406,Sugarcane,0.599
B1796,F1988,Sugarcane,0.599
B1796,F1109,Pulses,0.599
B1797,F0423,Pulses,0.797
B1797,F0581,Pulses,0.599
B1797,F1158,Rice,0.599
B1797,F0573,Rice,0.598
B1797,F1693,Sugarcane,0.598
B1798,F1495,Pulses,0.908
B1798,F0926,Maize,0.755
B1798,F0423,Pulses,0.599
B1798,F1288,Pulses,0.599
B1798,F0087,Pulses,0.599
B1799,F0830,Millets,0.915
B1799,F1202,Wheat,0.846
B1799,F0590,Cotton,0.686
B1799,F1420,Rice,0.6
B1799,F0634,Rice,0.598
B1800,F1733,Barley,0.898
B1800,F0360,Maize,0.6
B1800,F1711,Cotton,0.599
B1800,F1776,Millets,0.599
B1800,F1499,Maize,0.598
B1801,F0498,Sugarcane,0.941
B1801,F0453,Pulses,0.6
B1801,F0686,Pulses,0.599
B1801,F1336,Pulses,0.598
B1801,F1180,Maize,0.597
B1802,F1006,Cotton,0.848
B1802,F1868,Cotton,0.72
B1802,F0922,Barley,0.715
B1802,F1860,Rice,0.6
B1802,F0478,Millets,0.6
B1803,F0112,Barley,0.6
B1803,F0711,Barley,0.599
B1803,F0824,Barley,0.597
B1803,F0538,Barley,0.597
B1803,F1589,Barley,0.596
B1804,F0005,Maize,0.6
B1804,F1395,Cotton,0.598
B1804,F1869,Cotton,0.593
B1804,F0125,Cotton,0.593
B1804,F0132,Cotton,0.592
B1805,F1340,Pulses,0.804
B1805,F0412,Millets,0.598
B1805,F0951,Maize,0.597
B1805,F1931,Millets,0.597
B1805,F0200,Maize,0.596
B1806,F1052,Rice,0.957
B1806,F1380,Wheat,0.6
B1806,F0093,Wheat,0.6
B1806,F1154,Wheat,0.599
B1806,F0962,Rice,0.599
B1807,F0385,Cotton,0.827
B1807,F0776,Cotton,0.6
B1807,F1544,Cotton,0.599
B1807,F1413,Cotton,0.598
B1807,F1844,Maize,0.593
B1808,F0344,Wheat,0.6
B1808,F1961,Wheat,0.599
B1808,F1521,Pulses,0.599
B1808,F0266,Wheat,0.599
B1808,F1217,Pulses,0.599
B1809,F0083,Cotton,0.606
B1809,F0485,Cotton,0.599
B1809,F1973,Maize,0.592
B1809,F1665,Maize,0.59
B1809,F0036,Cotton,0.586
B1810,F1433,Pulses,0.876
B1810,F1847,Millets,0.827
B1810,F0366,Barley,0.82
B1810,F0591,Rice,0.803
B1810,F1365,Millets,0.6
B1811,F0095,Pulses,0.795
B1811,F1070,Cotton,0.598
B1811,F0553,Cotton,0.598
B1811,F1062,Cotton,0.598
B1811,F1600,Cotton,0.597
B1812,F0914,Wheat,0.599
B1812,F1724,Wheat,0.599
B1812,F0843,Rice,0.599
B1812,F0413,Pulses,0.599
B1812,F0277,Rice,0.599
B1813,F0527,Maize,0.877
B1813,F0575,Barley,0.6
B1813,F0946,Barley,0.599
B1813,F0146,Barley,0.599
B1813,F0062,Barley,0.596
B1814,F1244,Barley,0.93
B1814,F1231,Barley,0.772
B1814,F1119,Cotton,0.599
B1814,F0417,Cotton,0.599
B1814,F1635,Cotton,0.599
B1815,F1365,Millets,0.894
B1815,F0664,Pulses,0.6
B1815,F0231,Pulses,0.6
B1815,F1630,Pulses,0.599
B1815,F0041,Maize,0.599
B1816,F0254,Cotton,0.733
B1816,F1309,Rice,0.599
B1816,F0631,Rice,0.599
B1816,F1455,Rice,0.599
B1816,F1604,Rice,0.599
B1817,F0592,Millets,0.853
B1817,F0024,Millets,0.85
B1817,F0357,Wheat,0.6
B1817,F1132,Wheat,0.599
B1817,F0755,Wheat,0.599
B1818,F1305,Wheat,0.917
B1818,F1328,Cotton,0.856
B1818,F1392,Pulses,0.6
B1818,F0109,Pulses,0.599
B1818,F1491,Rice,0.599
B1819,F0955,Maize,0.796
B1819,F0474,Sugarcane,0.729
B1819,F0481,Sugarcane,0.6
B1819,F1203,Sugarcane,0.599
B1819,F0828,Wheat,0.599
B1820,F0259,Millets,0.845
B1820,F1190,Millets,0.598
B1820,F1259,Millets,0.598
B1820,F0830,Millets,0.597
B1820,F1133,Pulses,0.597
B1821,F0990,Millets,0.599
B1821,F1178,Millets,0.598
B1821,F1894,Maize,0.596
B1821,F1789,Cotton,0.596
B1821,F0456,Maize,0.596
B1822,F0626,Wheat,0.6
B1822,F0576,Pulses,0.6
B1822,F0834,Sugarcane,0.6
B1822,F1146,Pulses,0.599
B1822,F1433,Pulses,0.599
B1823,F1544,Cotton,0.733
B1823,F0687,Pulses,0.6
B1823,F0294,Wheat,0.599
B1823,F1879,Sugarcane,0.599
B1823,F1564,Wheat,0.599
B1824,F0228,Pulses,0.931
B1824,F0802,Pulses,0.6
B1824,F1947,Rice,0.599
B1824,F1045,Pulses,0.599
B1824,F1573,Pulses,0.599
B1825,F1523,Rice,0.599
B1825,F1420,Rice,0.596
B1825,F1387,Rice,0.596
B1825,F1388,Sugarcane,0.595
B1825,F1310,Sugarcane,0.595
B1826,F1309,Rice,0.904
B1826,F0270,Maize,0.599
B1826,F1030,Cotton,0.598
B1826,F1610,Maize,0.598
B1826,F0537,Millets,0.596
B1827,F1396,Pulses,0.83
B1827,F1156,Rice,0.599
B1827,F1914,Pulses,0.598
B1827,F0852,Wheat,0.597
B1827,F0422,Wheat,0.597
B1828,F1390,Rice,0.6
B1828,F0443,Rice,0.599
B1828,F0175,Millets,0.598
B1828,F0482,Pulses,0.598
B1828,F0552,Sugarcane,0.598
B1829,F0717,Maize,0.933
B1829,F1373,Millets,0.599
B1829,F0177,Maize,0.598
B1829,F1827,Pulses,0.597
B1829,F1673,Millets,0.596
B1830,F0421,Wheat,0.833
B1830,F1592,Maize,0.599
B1830,F1190,Millets,0.597
B1830,F1342,Millets,0.597
B1830,F1110,Maize,0.597
B1831,F1524,Cotton,0.598
B1831,F0288,Cotton,0.598
B1831,F1965,Cotton,0.595
B1831,F0495,Cotton,0.595
B1831,F0200,Maize,0.593
B1832,F0728,Maize,0.664
B1832,F0881,Cotton,0.6
B1832,F0588,Maize,0.596
B1832,F1972,Cotton,0.595
B1832,F1067,Cotton,0.594
B1833,F0323,Sugarcane,0.6
B1833,F0929,Pulses,0.599
B1833,F1484,Rice,0.599
B1833,F1584,Millets,0.598
B1833,F0804,Rice,0.598
B1834,F0610,Millets,0.927
B1834,F1120,Pulses,0.6
B1834,F1767,Pulses,0.599
B1834,F0114,Pulses,0.599
B1834,F0870,Pulses,0.599
B1835,F0372,Millets,0.598
B1835,F0696,Sugarcane,0.598
B1835,F1555,Sugarcane,0.597
B1835,F1986,Pulses,0.597
B1835,F0781,Rice,0.597
B1836,F1105,Pulses,0.952
B1836,F1785,Maize,0.932
B1836,F1458,Sugarcane,0.6
B1836,F1442,Wheat,0.599
B1836,F0668,Sugarcane,0.599
B1837,F1250,Sugarcane,0.896
B1837,F0870,Pulses,0.858
B1837,F1444,Maize,0.828
B1837,F0876,Maize,0.682
B1837,F1471,Cotton,0.6
B1838,F0948,Millets,0.836
B1838,F0783,Millets,0.635
B1838,F0053,Maize,0.599
B1838,F0706,Cotton,0.598
B1838,F1937,Maize,0.597
B1839,F0361,Sugarcane,0.599
B1839,F1642,Rice,0.598
B1839,F1257,Pulses,0.598
B1839,F0735,Wheat,0.597
B1839,F1712,Rice,0.597
B1840,F0329,Millets,0.597
B1840,F1178,Millets,0.596
B1840,F0608,Millets,0.595
B1840,F0053,Maize,0.595
B1840,F1667,Millets,0.594
B1841,F0253,Sugarcane,0.707
B1841,F1294,Rice,0.678
B1841,F1152,Cotton,0.598
B1841,F1070,Cotton,0.598
B1841,F1062,Cotton,0.598
B1842,F1193,Cotton,0.674
B1842,F1091,Sugarcane,0.6
B1842,F0774,Sugarcane,0.599
B1842,F0128,Rice,0.599
B1842,F1914,Pulses,0.598
B1843,F1869,Cotton,0.863
B1843,F0053,Maize,0.811
B1843,F1737,Cotton,0.711
B1843,F0493,Rice,0.666
B1843,F0087,Pulses,0.6
B1844,F1117,Barley,0.6
B1844,F0449,Barley,0.599
B1844,F0524,Barley,0.598
B1844,F1950,Barley,0.593
B1844,F0586,Barley,0.592
B1845,F1945,Cotton,0.599
B1845,F1960,Maize,0.598
B1845,F1100,Maize,0.598
B1845,F1076,Cotton,0.598
B1845,F1825,Cotton,0.596
B1846,F0204,Rice,0.599
B1846,F0249,Rice,0.598
B1846,F0948,Millets,0.598
B1846,F0297,Pulses,0.598
B1846,F1885,Rice,0.598
B1847,F0841,Barley,0.6
B1847,F0346,Barley,0.6
B1847,F0550,Barley,0.599
B1847,F1224,Barley,0.598
B1847,F1348,Barley,0.597
B1848,F1259,Millets,0.814
B1848,F1287,Wheat,0.794
B1848,F1546,Sugarcane,0.783
B1848,F0484,Pulses,0.599
B1848,F1666,Pulses,0.599
B1849,F0718,Sugarcane,0.779
B1849,F1018,Maize,0.599
B1849,F0911,Maize,0.598
B1849,F1919,Maize,0.597
B1849,F1260,Maize,0.597
B1850,F0441,Rice,0.683
B1850,F0128,Rice,0.598
B1850,F1498,Millets,0.597
B1850,F0774,Sugarcane,0.597
B1850,F1091,Sugarcane,0.596
B1851,F1201,Cotton,0.599
B1851,F1620,Cotton,0.598
B1851,F1082,Cotton,0.597
B1851,F1981,Cotton,0.596
B1851,F1301,Barley,0.595
B1852,F0364,Wheat,0.599
B1852,F1911,Sugarcane,0.599
B1852,F0196,Wheat,0.598
B1852,F0626,Wheat,0.598
B1852,F1146,Pulses,0.598
B1853,F0946,Barley,0.6
B1853,F1703,Barley,0.599
B1853,F0760,Barley,0.599
B1853,F0062,Barley,0.598
B1853,F1306,Barley,0.597
B1854,F0965,Barley,0.872
B1854,F1569,Maize,0.676
B1854,F1965,Cotton,0.597
B1854,F0495,Cotton,0.595
B1854,F0200,Maize,0.594
B1855,F0158,Wheat,0.872
B1855,F1154,Wheat,0.811
B1855,F1572,Millets,0.599
B1855,F0615,Pulses,0.599
B1855,F1968,Millets,0.598
B1856,F0303,Maize,0.598
B1856,F0053,Maize,0.598
B1856,F0329,Millets,0.594
B1856,F0706,Cotton,0.593
B1856,F1978,Maize,0.593
B1857,F1230,Maize,0.844
B1857,F1635,Cotton,0.734
B1857,F1984,Maize,0.682
B1857,F0194,Barley,0.61
B1857,F1986,Pulses,0.6
B1858,F0113,Millets,0.779
B1858,F1725,Wheat,0.6
B1858,F0226,Wheat,0.599
B1858,F1925,Wheat,0.599
B1858,F0680,Wheat,0.597
B1859,F1728,Rice,0.803
B1859,F0077,Sugarcane,0.6
B1859,F1329,Pulses,0.599
B1859,F1687,Sugarcane,0.599
B1859,F0902,Sugarcane,0.599
B1860,F1594,Sugarcane,0.792
B1860,F0969,Pulses,0.6
B1860,F0027,Pulses,0.6
B1860,F1662,Maize,0.599
B1860,F0215,Maize,0.598
B1861,F0958,Rice,0.948
B1861,F1724,Wheat,0.6
B1861,F0413,Pulses,0.6
B1861,F0914,Wheat,0.6
B1861,F0277,Rice,0.598
B1862,F0703,Rice,0.597
B1862,F1016,Pulses,0.593
B1862,F0919,Sugarcane,0.592
B1862,F0499,Rice,0.592
B1862,F1007,Sugarcane,0.591
B1863,F1523,Rice,0.598
B1863,F1420,Rice,0.598
B1863,F1719,Wheat,0.597
B1863,F0602,Millets,0.596
B1863,F1316,Sugarcane,0.596
B1864,F1720,Rice,0.929
B1864,F1207,Cotton,0.909
B1864,F1968,Millets,0.829
B1864,F1920,Rice,0.776
B1864,F0393,Millets,0.6
B1865,F0382,Pulses,0.659
B1865,F1914,Pulses,0.6
B1865,F1441,Rice,0.599
B1865,F0852,Wheat,0.598
B1865,F0291,Rice,0.598
B1866,F1728,Rice,0.6
B1866,F1998,Rice,0.599
B1866,F1126,Millets,0.599
B1866,F1790,Pulses,0.598
B1866,F0116,Sugarcane,0.598
B1867,F0723,Sugarcane,0.853
B1867,F0625,Cotton,0.624
B1867,F0510,Wheat,0.599
B1867,F1112,Rice,0.597
B1867,F0104,Sugarcane,0.597
B1868,F1490,Rice,0.73
B1868,F1201,Cotton,0.599
B1868,F1620,Cotton,0.599
B1868,F0880,Cotton,0.598
B1868,F0705,Cotton,0.596
B1869,F0370,Barley,0.91
B1869,F1919,Maize,0.819
B1869,F0856,Cotton,0.599
B1869,F0666,Cotton,0.598
B1869,F1704,Maize,0.598
B1870,F0373,Wheat,0.599
B1870,F1591,Sugarcane,0.599
B1870,F1097,Wheat,0.597
B1870,F1546,Sugarcane,0.597
B1870,F1284,Rice,0.596
B1871,F0608,Millets,0.875
B1871,F1343,Barley,0.6
B1871,F0909,Barley,0.599
B1871,F1043,Barley,0.599
B1871,F1245,Barley,0.597
B1872,F1084,Sugarcane,0.6
B1872,F0806,Sugarcane,0.599
B1872,F0635,Wheat,0.598
B1872,F0740,Sugarcane,0.598
B1872,F0089,Sugarcane,0.598
B1873,F1824,Sugarcane,0.812
B1873,F0312,Barley,0.659
B1873,F0303,Maize,0.598
B1873,F1612,Pulses,0.598
B1873,F1350,Cotton,0.597
B1874,F1474,Wheat,0.907
B1874,F1329,Pulses,0.6
B1874,F0166,Rice,0.599
B1874,F1865,Sugarcane,0.599
B1874,F0077,Sugarcane,0.599
B1875,F1557,Wheat,0.942
B1875,F0289,Rice,0.599
B1875,F0472,Millets,0.599
B1875,F1648,Sugarcane,0.599
B1875,F1726,Pulses,0.598
B1876,F0109,Pulses,0.6
B1876,F1967,Rice,0.6
B1876,F0017,Sugarcane,0.599
B1876,F0888,Pulses,0.598
B1876,F1392,Pulses,0.598
B1877,F0204,Rice,0.934
B1877,F1885,Rice,0.836
B1877,F1232,Millets,0.599
B1877,F1736,Millets,0.599
B1877,F1619,Pulses,0.596
B1878,F0321,Millets,0.8
B1878,F0973,Rice,0.6
B1878,F0799,Rice,0.599
B1878,F1842,Pulses,0.599
B1878,F1495,Pulses,0.599
B1879,F0868,Pulses,0.733
B1879,F1092,Barley,0.6
B1879,F1038,Barley,0.599
B1879,F0586,Barley,0.597
B1879,F1889,Barley,0.595
B1880,F0375,Rice,0.872
B1880,F1523,Rice,0.599
B1880,F1420,Rice,0.598
B1880,F1316,Sugarcane,0.594
B1880,F0602,Millets,0.594
B1881,F1016,Pulses,0.6
B1881,F0703,Rice,0.599
B1881,F1122,Maize,0.597
B1881,F0702,Millets,0.593
B1881,F0532,Millets,0.592
B1882,F1444,Maize,0.599
B1882,F0113,Millets,0.599
B1882,F0019,Millets,0.599
B1882,F0349,Millets,0.598
B1882,F1059,Pulses,0.598
B1883,F1954,Sugarcane,0.885
B1883,F1670,Sugarcane,0.879
B1883,F1132,Wheat,0.599
B1883,F0660,Wheat,0.599
B1883,F0402,Sugarcane,0.599
B1884,F0550,Barley,0.6
B1884,F0346,Barley,0.6
B1884,F0841,Barley,0.6
B1884,F1224,Barley,0.6
B1884,F1617,Barley,0.599
B1885,F0855,Barley,0.867
B1885,F0162,Rice,0.799
B1885,F1931,Millets,0.598
B1885,F0951,Maize,0.598
B1885,F1638,Cotton,0.597
B1886,F1267,Barley,0.603
B1886,F1523,Rice,0.598
B1886,F1420,Rice,0.598
B1886,F1719,Wheat,0.596
B1886,F1091,Sugarcane,0.595
B1887,F0601,Cotton,0.6
B1887,F0008,Cotton,0.599
B1887,F1714,Cotton,0.599
B1887,F1556,Cotton,0.599
B1887,F0765,Cotton,0.598
B1888,F0154,Maize,0.864
B1888,F1536,Wheat,0.823
B1888,F1879,Sugarcane,0.598
B1888,F1964,Wheat,0.598
B1888,F0887,Rice,0.598
B1889,F0386,Millets,0.963
B1889,F1663,Sugarcane,0.924
B1889,F0705,Cotton,0.875
B1889,F1483,Pulses,0.597
B1889,F0897,Pulses,0.596
B1890,F1120,Pulses,0.698
B1890,F1053,Maize,0.6
B1890,F1918,Pulses,0.597
B1890,F0661,Millets,0.596
B1890,F1722,Maize,0.595
B1891,F0812,Maize,0.764
B1891,F0788,Millets,0.715
B1891,F1027,Wheat,0.598
B1891,F0510,Wheat,0.597
B1891,F1112,Rice,0.596
B1892,F1427,Barley,0.6
B1892,F0586,Barley,0.597
B1892,F1038,Barley,0.594
B1892,F0125,Cotton,0.586
B1892,F1092,Barley,0.585
B1893,F1246,Millets,0.785
B1893,F1132,Wheat,0.6
B1893,F0357,Wheat,0.599
B1893,F0092,Sugarcane,0.599
B1893,F0149,Rice,0.599
B1894,F0070,Pulses,0.599
B1894,F1682,Wheat,0.599
B1894,F0280,Wheat,0.599
B1894,F1412,Wheat,0.599
B1894,F0591,Rice,0.599
B1895,F1701,Cotton,0.887
B1895,F0118,Pulses,0.751
B1895,F0546,Millets,0.64
B1895,F0619,Barley,0.599
B1895,F1114,Barley,0.599
B1896,F0915,Sugarcane,0.84
B1896,F0468,Rice,0.811
B1896,F1816,Maize,0.6
B1896,F0345,Maize,0.598
B1896,F1930,Maize,0.598
B1897,F1213,Wheat,0.824
B1897,F1379,Pulses,0.599
B1897,F1480,Millets,0.599
B1897,F1531,Pulses,0.599
B1897,F1838,Sugarcane,0.598
B1898,F0958,Rice,0.599
B1898,F1283,Rice,0.599
B1898,F0835,Rice,0.599
B1898,F0293,Rice,0.599
B1898,F1838,Sugarcane,0.598
B1899,F0233,Sugarcane,0.599
B1899,F1085,Pulses,0.598
B1899,F0677,Sugarcane,0.598
B1899,F1184,Sugarcane,0.597
B1899,F1280,Sugarcane,0.597
B1900,F0216,Cotton,0.643
B1900,F0287,Rice,0.599
B1900,F0667,Pulses,0.599
B1900,F0764,Wheat,0.599
B1900,F1686,Rice,0.599
B1901,F1991,Sugarcane,0.793
B1901,F0416,Rice,0.6
B1901,F0162,Rice,0.6
B1901,F0301,Rice,0.599
B1901,F0998,Sugarcane,0.599
B1902,F0764,Wheat,0.599
B1902,F0287,Rice,0.599
B1902,F1746,Wheat,0.598
B1902,F0667,Pulses,0.598
B1902,F0066,Wheat,0.597
B1903,F0374,Millets,0.872
B1903,F0542,Wheat,0.6
B1903,F1327,Rice,0.599
B1903,F1734,Sugarcane,0.599
B1903,F1271,Wheat,0.599
B1904,F0357,Wheat,0.858
B1904,F1908,Rice,0.599
B1904,F0034,Wheat,0.598
B1904,F0687,Pulses,0.598
B1904,F0941,Sugarcane,0.597
B1905,F1264,Barley,0.6
B1905,F0796,Barley,0.599
B1905,F1116,Barley,0.598
B1905,F1977,Barley,0.598
B1905,F1634,Barley,0.597
B1906,F0130,Sugarcane,0.599
B1906,F0489,Rice,0.599
B1906,F0679,Wheat,0.599
B1906,F0123,Wheat,0.599
B1906,F0545,Rice,0.598
B1907,F1466,Pulses,0.844
B1907,F0923,Rice,0.754
B1907,F0545,Rice,0.599
B1907,F0285,Wheat,0.599
B1907,F0033,Sugarcane,0.599
B1908,F0808,Rice,0.729
B1908,F1942,Millets,0.6
B1908,F1365,Millets,0.6
B1908,F0978,Millets,0.6
B1908,F1934,Maize,0.599
B1909,F1268,Sugarcane,0.845
B1909,F0528,Wheat,0.821
B1909,F1132,Wheat,0.6
B1909,F0092,Sugarcane,0.599
B1909,F0357,Wheat,0.599
B1910,F0627,Cotton,0.764
B1910,F0741,Barley,0.6
B1910,F0623,Barley,0.599
B1910,F0194,Barley,0.598
B1910,F0203,Barley,0.597
B1911,F0807,Millets,0.597
B1911,F1483,Pulses,0.596
B1911,F0897,Pulses,0.596
B1911,F1612,Pulses,0.594
B1911,F1105,Pulses,0.593
B1912,F0144,Millets,0.836
B1912,F0190,Pulses,0.599
B1912,F0805,Pulses,0.599
B1912,F1509,Millets,0.599
B1912,F1944,Pulses,0.599
B1913,F0610,Millets,0.6
B1913,F0649,Millets,0.599
B1913,F1716,Millets,0.599
B1913,F1706,Millets,0.598
B1913,F0015,Millets,0.598
B1914,F1132,Wheat,0.6
B1914,F0755,Wheat,0.599
B1914,F1386,Sugarcane,0.599
B1914,F0376,Sugarcane,0.598
B1914,F0402,Sugarcane,0.598
B1915,F1007,Sugarcane,0.598
B1915,F0581,Pulses,0.598
B1915,F1158,Rice,0.598
B1915,F0919,Sugarcane,0.597
B1915,F1388,Sugarcane,0.597
B1916,F1018,Maize,0.875
B1916,F1338,Pulses,0.829
B1916,F1635,Cotton,0.599
B1916,F0886,Cotton,0.599
B1916,F0831,Cotton,0.599
B1917,F1334,Millets,0.902
B1917,F0146,Barley,0.599
B1917,F0841,Barley,0.598
B1917,F0575,Barley,0.598
B1917,F0346,Barley,0.598
B1918,F0881,Cotton,0.597
B1918,F0254,Cotton,0.597
B1918,F1844,Maize,0.592
B1918,F1395,Cotton,0.591
B1918,F1173,Maize,0.591
B1919,F0677,Sugarcane,0.806
B1919,F0047,Millets,0.766
B1919,F0721,Wheat,0.722
B1919,F1426,Pulses,0.598
B1919,F0719,Millets,0.598
B1920,F1813,Barley,0.599
B1920,F0683,Barley,0.598
B1920,F0619,Barley,0.596
B1920,F0356,Barley,0.596
B1920,F0630,Barley,0.593
B1921,F0762,Wheat,0.599
B1921,F1605,Sugarcane,0.599
B1921,F1653,Wheat,0.598
B1921,F0949,Pulses,0.597
B1921,F0062,Barley,0.597
B1922,F0507,Millets,0.938
B1922,F1910,Cotton,0.663
B1922,F0807,Millets,0.6
B1922,F0283,Pulses,0.598
B1922,F1483,Pulses,0.598
B1923,F0151,Maize,0.889
B1923,F1988,Sugarcane,0.6
B1923,F0080,Sugarcane,0.6
B1923,F0297,Pulses,0.599
B1923,F1109,Pulses,0.599
B1924,F1299,Cotton,0.966
B1924,F0767,Cotton,0.599
B1924,F1210,Cotton,0.598
B1924,F0880,Cotton,0.598
B1924,F0705,Cotton,0.597
B1925,F1420,Rice,0.6
B1925,F1368,Pulses,0.598
B1925,F1183,Millets,0.598
B1925,F1208,Pulses,0.598
B1925,F0634,Rice,0.597
B1926,F1065,Pulses,0.655
B1926,F0135,Barley,0.6
B1926,F0564,Barley,0.6
B1926,F1345,Barley,0.6
B1926,F1801,Barley,0.599
B1927,F0674,Pulses,0.725
B1927,F0860,Barley,0.686
B1927,F1522,Rice,0.6
B1927,F0551,Rice,0.598
B1927,F1693,Sugarcane,0.598
B1928,F1844,Maize,0.817
B1928,F0810,Cotton,0.792
B1928,F1740,Maize,0.599
B1928,F1506,Maize,0.598
B1928,F0912,Cotton,0.598
B1929,F0859,Wheat,0.903
B1929,F1452,Cotton,0.873
B1929,F1562,Sugarcane,0.599
B1929,F0861,Sugarcane,0.599
B1929,F1684,Rice,0.598
B1930,F1977,Barley,0.617
B1930,F1686,Rice,0.599
B1930,F1140,Rice,0.598
B1930,F1593,Sugarcane,0.597
B1930,F1659,Rice,0.597
B1931,F0560,Pulses,0.6
B1931,F0238,Pulses,0.599
B1931,F1915,Millets,0.599
B1931,F0452,Pulses,0.597
B1931,F0704,Millets,0.597
B1932,F0270,Maize,0.599
B1932,F0516,Maize,0.599
B1932,F0537,Millets,0.598
B1932,F1230,Maize,0.595
B1932,F1610,Maize,0.595
B1933,F0296,Sugarcane,0.874
B1933,F1130,Wheat,0.599
B1933,F0699,Wheat,0.598
B1933,F0335,Pulses,0.597
B1933,F1296,Wheat,0.597
B1934,F1475,Millets,0.944
B1934,F1662,Maize,0.599
B1934,F0850,Pulses,0.599
B1934,F1761,Millets,0.599
B1934,F0969,Pulses,0.598
B1935,F1888,Sugarcane,0.802
B1935,F1914,Pulses,0.6
B1935,F1441,Rice,0.599
B1935,F1106,Sugarcane,0.599
B1935,F0291,Rice,0.599
B1936,F1771,Maize,0.599
B1936,F0728,Maize,0.599
B1936,F1632,Maize,0.598
B1936,F1953,Maize,0.598
B1936,F0543,Maize,0.598
B1937,F0257,Barley,0.599
B1937,F1054,Barley,0.599
B1937,F1303,Barley,0.599
B1937,F0931,Barley,0.597
B1937,F0904,Barley,0.595
B1938,F1194,Millets,0.964
B1938,F0294,Wheat,0.851
B1938,F1162,Cotton,0.821
B1938,F0671,Rice,0.6
B1938,F0890,Rice,0.6
B1939,F1649,Rice,0.697
B1939,F0881,Cotton,0.597
B1939,F0254,Cotton,0.597
B1939,F0132,Cotton,0.591
B1939,F1844,Maize,0.59
B1940,F0360,Maize,0.804
B1940,F1074,Maize,0.756
B1940,F0684,Sugarcane,0.599
B1940,F0515,Wheat,0.598
B1940,F0555,Rice,0.597
B1941,F1273,Maize,0.895
B1941,F0946,Barley,0.599
B1941,F0575,Barley,0.599
B1941,F0146,Barley,0.598
B1941,F1703,Barley,0.597
B1942,F1253,Millets,0.862
B1942,F0883,Maize,0.816
B1942,F1531,Pulses,0.599
B1942,F0830,Millets,0.599
B1942,F1480,Millets,0.597
B1943,F1161,Millets,0.916
B1943,F1547,Millets,0.599
B1943,F0747,Maize,0.599
B1943,F1325,Cotton,0.598
B1943,F0782,Maize,0.598
B1944,F1160,Sugarcane,0.599
B1944,F0281,Sugarcane,0.599
B1944,F0324,Wheat,0.598
B1944,F0635,Wheat,0.598
B1944,F1841,Wheat,0.597
B1945,F0562,Maize,0.933
B1945,F0860,Barley,0.6
B1945,F1424,Barley,0.6
B1945,F1371,Barley,0.6
B1945,F0195,Barley,0.6
B1946,F0618,Millets,0.6
B1946,F1623,Pulses,0.599
B1946,F1752,Millets,0.598
B1946,F0412,Millets,0.597
B1946,F1931,Millets,0.597
B1947,F1434,Sugarcane,0.896
B1947,F1790,Pulses,0.6
B1947,F1948,Wheat,0.599
B1947,F1318,Millets,0.598
B1947,F0828,Wheat,0.598
B1948,F0116,Sugarcane,0.6
B1948,F1484,Rice,0.599
B1948,F0822,Sugarcane,0.599
B1948,F1728,Rice,0.598
B1948,F1998,Rice,0.598
B1949,F0055,Barley,0.794
B1949,F1572,Millets,0.6
B1949,F0648,Rice,0.599
B1949,F0615,Pulses,0.598
B1949,F0423,Pulses,0.598
B1950,F0023,Wheat,0.828
B1950,F0698,Wheat,0.759
B1950,F1594,Sugarcane,0.735
B1950,F0113,Millets,0.6
B1950,F0019,Millets,0.599
B1951,F0125,Cotton,0.597
B1951,F0005,Maize,0.597
B1951,F1395,Cotton,0.592
B1951,F0702,Millets,0.59
B1951,F1869,Cotton,0.589
B1952,F1767,Pulses,0.967
B1952,F1239,Rice,0.808
B1952,F1915,Millets,0.599
B1952,F0560,Pulses,0.598
B1952,F1010,Millets,0.597
B1953,F0233,Sugarcane,0.795
B1953,F1554,Sugarcane,0.792
B1953,F1379,Pulses,0.6
B1953,F1957,Pulses,0.599
B1953,F1976,Rice,0.599
B1954,F1995,Cotton,0.892
B1954,F0097,Wheat,0.781
B1954,F1561,Maize,0.599
B1954,F0557,Millets,0.599
B1954,F1000,Maize,0.598
B1955,F1667,Millets,0.826
B1955,F0677,Sugarcane,0.792
B1955,F0391,Maize,0.6
B1955,F0239,Maize,0.599
B1955,F1123,Maize,0.597
B1956,F0856,Cotton,0.739
B1956,F0737,Sugarcane,0.6
B1956,F0621,Sugarcane,0.599
B1956,F0088,Rice,0.599
B1956,F1312,Wheat,0.599
B1957,F0093,Wheat,0.719
B1957,F1524,Cotton,0.598
B1957,F0053,Maize,0.598
B1957,F0535,Maize,0.597
B1957,F1978,Maize,0.596
B1958,F0690,Wheat,0.801
B1958,F1230,Maize,0.599
B1958,F1927,Cotton,0.597
B1958,F0537,Millets,0.596
B1958,F1782,Millets,0.596
B1959,F0840,Cotton,0.903
B1959,F1972,Cotton,0.6
B1959,F1151,Cotton,0.6
B1959,F1534,Cotton,0.597
B1959,F0881,Cotton,0.594
B1960,F1615,Pulses,0.599
B1960,F1957,Pulses,0.599
B1960,F1379,Pulses,0.599
B1960,F1838,Sugarcane,0.598
B1960,F1125,Pulses,0.598
B1961,F1638,Cotton,0.802
B1961,F1311,Maize,0.734
B1961,F0802,Pulses,0.599
B1961,F1045,Pulses,0.599
B1961,F0803,Rice,0.598
B1962,F1483,Pulses,0.6
B1962,F1612,Pulses,0.597
B1962,F0450,Pulses,0.597
B1962,F0807,Millets,0.597
B1962,F1105,Pulses,0.597
B1963,F0723,Sugarcane,0.6
B1963,F0873,Wheat,0.6
B1963,F0498,Sugarcane,0.599
B1963,F1811,Wheat,0.599
B1963,F0989,Wheat,0.598
B1964,F0010,Wheat,0.921
B1964,F1812,Rice,0.864
B1964,F0193,Rice,0.832
B1964,F0916,Pulses,0.825
B1964,F0869,Barley,0.607
B1965,F1087,Rice,0.796
B1965,F1650,Wheat,0.6
B1965,F1168,Pulses,0.6
B1965,F1653,Wheat,0.599
B1965,F0941,Sugarcane,0.598
B1966,F1193,Cotton,0.826
B1966,F0412,Millets,0.598
B1966,F1931,Millets,0.596
B1966,F0176,Pulses,0.594
B1966,F1623,Pulses,0.594
B1967,F0078,Sugarcane,0.724
B1967,F0322,Cotton,0.598
B1967,F0036,Cotton,0.598
B1967,F1544,Cotton,0.593
B1967,F0569,Barley,0.591
B1968,F0576,Pulses,0.802
B1968,F0360,Maize,0.599
B1968,F1499,Maize,0.599
B1968,F1074,Maize,0.598
B1968,F1776,Millets,0.598
B1969,F1733,Barley,0.679
B1969,F0456,Maize,0.596
B1969,F1789,Cotton,0.595
B1969,F1894,Maize,0.595
B1969,F0322,Cotton,0.595
B1970,F0534,Rice,0.907
B1970,F1400,Cotton,0.599
B1970,F1189,Maize,0.599
B1970,F0715,Millets,0.599
B1970,F0401,Millets,0.599
B1971,F0283,Pulses,0.6
B1971,F1604,Rice,0.599
B1971,F1362,Pulses,0.599
B1971,F0631,Rice,0.598
B1971,F0358,Millets,0.598
B1972,F0900,Maize,0.659
B1972,F0619,Barley,0.595
B1972,F0356,Barley,0.595
B1972,F0063,Cotton,0.595
B1972,F1600,Cotton,0.595
B1973,F0219,Millets,0.959
B1973,F0988,Sugarcane,0.782
B1973,F1556,Cotton,0.6
B1973,F1890,Cotton,0.599
B1973,F0008,Cotton,0.599
B1974,F1426,Pulses,0.764
B1974,F0583,Sugarcane,0.6
B1974,F0761,Sugarcane,0.599
B1974,F0724,Rice,0.599
B1974,F1901,Sugarcane,0.598
B1975,F1629,Barley,0.599
B1975,F1430,Barley,0.599
B1975,F1517,Barley,0.598
B1975,F1694,Barley,0.598
B1975,F1058,Barley,0.598
B1976,F0470,Sugarcane,0.808
B1976,F1431,Rice,0.599
B1976,F1023,Wheat,0.599
B1976,F0236,Sugarcane,0.598
B1976,F1304,Pulses,0.598
B1977,F1854,Rice,0.923
B1977,F0438,Millets,0.6
B1977,F0122,Cotton,0.599
B1977,F1352,Millets,0.599
B1977,F0259,Millets,0.598
B1978,F1427,Barley,0.6
B1978,F0586,Barley,0.598
B1978,F1038,Barley,0.595
B1978,F1092,Barley,0.587
B1978,F0125,Cotton,0.586
B1979,F0285,Wheat,0.855
B1979,F0719,Millets,0.596
B1979,F1665,Maize,0.595
B1979,F1844,Maize,0.594
B1979,F1066,Maize,0.593
B1980,F0568,Millets,0.885
B1980,F0504,Millets,0.85
B1980,F0387,Maize,0.599
B1980,F1481,Maize,0.598
B1980,F1046,Maize,0.598
B1981,F1867,Wheat,0.6
B1981,F0992,Sugarcane,0.599
B1981,F1195,Wheat,0.598
B1981,F0160,Sugarcane,0.598
B1981,F1641,Sugarcane,0.598
B1982,F0614,Wheat,0.88
B1982,F1777,Wheat,0.8
B1982,F0755,Wheat,0.599
B1982,F1052,Rice,0.599
B1982,F0357,Wheat,0.599
B1983,F0804,Rice,0.902
B1983,F1086,Rice,0.814
B1983,F1473,Rice,0.598
B1983,F1901,Sugarcane,0.598
B1983,F0724,Rice,0.598
B1984,F0295,Wheat,0.944
B1984,F0357,Wheat,0.6
B1984,F1349,Millets,0.599
B1984,F1458,Sugarcane,0.599
B1984,F1442,Wheat,0.599
B1985,F0687,Pulses,0.925
B1985,F0242,Barley,0.816
B1985,F0193,Rice,0.748
B1985,F1916,Wheat,0.6
B1985,F0285,Wheat,0.599
B1986,F1618,Rice,0.804
B1986,F1694,Barley,0.624
B1986,F0939,Pulses,0.599
B1986,F0103,Wheat,0.599
B1986,F1017,Wheat,0.598
B1987,F1006,Cotton,0.608
B1987,F0236,Sugarcane,0.6
B1987,F0777,Rice,0.599
B1987,F0422,Wheat,0.597
B1987,F1023,Wheat,0.596
B1988,F0857,Maize,0.912
B1988,F1371,Barley,0.812
B1988,F1548,Barley,0.783
B1988,F0704,Millets,0.742
B1988,F0658,Maize,0.6
B1989,F0845,Cotton,0.769
B1989,F0864,Wheat,0.6
B1989,F0376,Sugarcane,0.599
B1989,F1415,Wheat,0.599
B1989,F1254,Wheat,0.599
B1990,F0690,Wheat,0.759
B1990,F1989,Maize,0.599
B1990,F0883,Maize,0.599
B1990,F0178,Maize,0.599
B1990,F1656,Maize,0.598
B1991,F0635,Wheat,0.6
B1991,F0740,Sugarcane,0.599
B1991,F0158,Wheat,0.599
B1991,F1084,Sugarcane,0.598
B1991,F0281,Sugarcane,0.598
B1992,F1618,Rice,0.6
B1992,F0709,Millets,0.6
B1992,F0429,Rice,0.599
B1992,F1055,Rice,0.599
B1992,F0671,Rice,0.599
B1993,F1355,Wheat,0.888
B1993,F0176,Pulses,0.598
B1993,F0807,Millets,0.597
B1993,F1623,Pulses,0.597
B1993,F1936,Millets,0.596
B1994,F1760,Maize,0.789
B1994,F0585,Pulses,0.599
B1994,F1307,Millets,0.598
B1994,F1630,Pulses,0.598
B1994,F0231,Pulses,0.598
B1995,F1811,Wheat,0.909
B1995,F0247,Rice,0.6
B1995,F0785,Wheat,0.599
B1995,F1039,Rice,0.599
B1995,F0127,Wheat,0.599
B1996,F1573,Pulses,0.6
B1996,F0802,Pulses,0.599
B1996,F1045,Pulses,0.598
B1996,F1947,Rice,0.597
B1996,F0786,Rice,0.595
B1997,F1230,Maize,0.598
B1997,F0537,Millets,0.597
B1997,F1927,Cotton,0.597
B1997,F0516,Maize,0.596
B1997,F0121,Millets,0.595
B1998,F1266,Maize,0.599
B1998,F1445,Maize,0.598
B1998,F0945,Cotton,0.598
B1998,F1566,Maize,0.597
B1998,F0341,Maize,0.597
B1999,F0609,Sugarcane,0.6
B1999,F0187,Wheat,0.6
B1999,F1405,Wheat,0.6
B1999,F0962,Rice,0.6
B1999,F1377,Sugarcane,0.599
B2000,F1442,Wheat,0.6
B2000,F0357,Wheat,0.599
B2000,F0864,Wheat,0.599
B2000,F1415,Wheat,0.599
B2000,F0983,Sugarcane,0.599
